record_id,source,subset,partition,label,tf,gene,ensembl_id,chip_score,motif_score,literature_score,weighted_score,weighted_score_normalized,prediction_final
expanded_validation_v1_20260715_r7_orthogonal_0015,frozen_benchmark_370,GTRD_independent,development,1,AR,APAF1,ENSG00000120868,100,60,75,67,1,1
expanded_validation_v1_20260715_r7_orthogonal_0007,frozen_benchmark_370,GTRD_independent,test,1,AR,ARHGEF3,ENSG00000163947,100,60,60,64,0.929412,1
expanded_validation_v1_20260715_r7_orthogonal_0001,frozen_benchmark_370,GTRD_independent,development,1,AR,CAPRIN1,ENSG00000135387,100,60,60,64,0.929412,1
expanded_validation_v1_20260715_r7_orthogonal_0017,frozen_benchmark_370,GTRD_independent,development,1,AR,CBX7,ENSG00000100307,100,60,50,62,0.882353,1
expanded_validation_v1_20260715_r7_orthogonal_0008,frozen_benchmark_370,GTRD_independent,development,1,AR,CDKN2AIPNL,ENSG00000237190,100,60,0,52,0.647059,1
expanded_validation_v1_20260715_r7_orthogonal_0009,frozen_benchmark_370,GTRD_independent,development,1,AR,CHMP5,ENSG00000086065,60,60,35,55,0.717647,1
expanded_validation_v1_20260715_r7_orthogonal_0014,frozen_benchmark_370,GTRD_independent,development,1,AR,CS,ENSG00000062485,100,60,75,67,1,1
expanded_validation_v1_20260715_r7_orthogonal_0004,frozen_benchmark_370,GTRD_independent,development,1,AR,DNAJB1,ENSG00000132002,35,60,60,57.5,0.776471,1
expanded_validation_v1_20260715_r7_orthogonal_0005,frozen_benchmark_370,GTRD_independent,development,1,AR,EFNA3,ENSG00000143590,100,60,0,52,0.647059,1
expanded_validation_v1_20260715_r7_orthogonal_0019,frozen_benchmark_370,GTRD_independent,development,1,AR,GGPS1,ENSG00000152904,100,60,50,62,0.882353,1
expanded_validation_v1_20260715_r7_orthogonal_0016,frozen_benchmark_370,GTRD_independent,development,1,AR,IKBIP,ENSG00000166130,100,60,0,52,0.647059,1
expanded_validation_v1_20260715_r7_orthogonal_0011,frozen_benchmark_370,GTRD_independent,test,1,AR,PTMA,ENSG00000187514,100,60,60,64,0.929412,1
expanded_validation_v1_20260715_r7_orthogonal_0018,frozen_benchmark_370,GTRD_independent,test,1,AR,RALY,ENSG00000125970,100,60,35,59,0.811765,1
expanded_validation_v1_20260715_r7_orthogonal_0010,frozen_benchmark_370,GTRD_independent,test,1,AR,SAE1,ENSG00000142230,100,60,50,62,0.882353,1
expanded_validation_v1_20260715_r7_orthogonal_0020,frozen_benchmark_370,GTRD_independent,development,1,AR,SDC1,ENSG00000115884,100,60,75,67,1,1
expanded_validation_v1_20260715_r7_orthogonal_0003,frozen_benchmark_370,GTRD_independent,test,1,AR,TLE3,ENSG00000140332,100,60,60,64,0.929412,1
expanded_validation_v1_20260715_r7_orthogonal_0012,frozen_benchmark_370,GTRD_independent,development,1,AR,TMEM263,ENSG00000151135,100,60,35,59,0.811765,1
expanded_validation_v1_20260715_r7_orthogonal_0002,frozen_benchmark_370,GTRD_independent,development,1,AR,TNFAIP8L1,ENSG00000185361,100,60,35,59,0.811765,1
expanded_validation_v1_20260715_r7_orthogonal_0006,frozen_benchmark_370,GTRD_independent,development,1,AR,TXN,ENSG00000136810,100,60,60,64,0.929412,1
expanded_validation_v1_20260715_r7_orthogonal_0013,frozen_benchmark_370,GTRD_independent,development,1,AR,ZCCHC24,ENSG00000165424,100,60,35,59,0.811765,1
expanded_validation_v1_20260715_r7_orthogonal_0028,frozen_benchmark_370,GTRD_independent,development,1,ESR1,ARHGEF19,ENSG00000142632,100,60,0,52,0.647059,1
expanded_validation_v1_20260715_r7_orthogonal_0026,frozen_benchmark_370,GTRD_independent,development,1,ESR1,CCDC88C,ENSG00000015133,100,60,35,59,0.811765,1
expanded_validation_v1_20260715_r7_orthogonal_0040,frozen_benchmark_370,GTRD_independent,development,1,ESR1,D2HGDH,ENSG00000180902,100,60,0,52,0.647059,1
expanded_validation_v1_20260715_r7_orthogonal_0021,frozen_benchmark_370,GTRD_independent,test,1,ESR1,EPHB6,ENSG00000106123,100,60,0,52,0.647059,1
expanded_validation_v1_20260715_r7_orthogonal_0025,frozen_benchmark_370,GTRD_independent,test,1,ESR1,EXOC3L4,ENSG00000205436,97,60,0,51.7,0.64,1
expanded_validation_v1_20260715_r7_orthogonal_0023,frozen_benchmark_370,GTRD_independent,development,1,ESR1,FERMT3,ENSG00000149781,100,60,35,59,0.811765,1
expanded_validation_v1_20260715_r7_orthogonal_0024,frozen_benchmark_370,GTRD_independent,development,1,ESR1,G6PD,ENSG00000160211,100,60,50,62,0.882353,1
expanded_validation_v1_20260715_r7_orthogonal_0036,frozen_benchmark_370,GTRD_independent,development,1,ESR1,GLIS2,ENSG00000126603,100,60,0,52,0.647059,1
expanded_validation_v1_20260715_r7_orthogonal_0035,frozen_benchmark_370,GTRD_independent,development,1,ESR1,HIC1,ENSG00000177374,100,60,75,67,1,1
expanded_validation_v1_20260715_r7_orthogonal_0027,frozen_benchmark_370,GTRD_independent,development,1,ESR1,IKBKG,ENSG00000269335,100,60,35,59,0.811765,1
expanded_validation_v1_20260715_r7_orthogonal_0037,frozen_benchmark_370,GTRD_independent,development,1,ESR1,KMT2E,ENSG00000005483,40,60,35,53,0.670588,1
expanded_validation_v1_20260715_r7_orthogonal_0033,frozen_benchmark_370,GTRD_independent,development,1,ESR1,MEST,ENSG00000106484,100,60,50,62,0.882353,1
expanded_validation_v1_20260715_r7_orthogonal_0038,frozen_benchmark_370,GTRD_independent,development,1,ESR1,MYO10,ENSG00000145555,100,60,0,52,0.647059,1
expanded_validation_v1_20260715_r7_orthogonal_0032,frozen_benchmark_370,GTRD_independent,development,1,ESR1,NPDC1,ENSG00000107281,100,60,0,52,0.647059,1
expanded_validation_v1_20260715_r7_orthogonal_0039,frozen_benchmark_370,GTRD_independent,development,1,ESR1,NR3C1,ENSG00000113580,100,60,75,67,1,1
expanded_validation_v1_20260715_r7_orthogonal_0034,frozen_benchmark_370,GTRD_independent,development,1,ESR1,PCSK7,ENSG00000160613,100,60,0,52,0.647059,1
expanded_validation_v1_20260715_r7_orthogonal_0022,frozen_benchmark_370,GTRD_independent,test,1,ESR1,RNF214,ENSG00000167257,100,60,0,52,0.647059,1
expanded_validation_v1_20260715_r7_orthogonal_0030,frozen_benchmark_370,GTRD_independent,development,1,ESR1,S100A13,ENSG00000189171,100,60,0,52,0.647059,1
expanded_validation_v1_20260715_r7_orthogonal_0031,frozen_benchmark_370,GTRD_independent,development,1,ESR1,SPTB,ENSG00000070182,100,60,35,59,0.811765,1
expanded_validation_v1_20260715_r7_orthogonal_0029,frozen_benchmark_370,GTRD_independent,development,1,ESR1,STK25,ENSG00000115694,100,60,0,52,0.647059,1
expanded_validation_v1_20260715_r7_orthogonal_0143,frozen_benchmark_370,GTRD_independent,development,1,GATA3,AAK1,ENSG00000115977,100,60,0,52,0.647059,1
expanded_validation_v1_20260715_r7_orthogonal_0147,frozen_benchmark_370,GTRD_independent,test,1,GATA3,BHLHE40,ENSG00000134107,100,60,50,62,0.882353,1
expanded_validation_v1_20260715_r7_orthogonal_0149,frozen_benchmark_370,GTRD_independent,development,1,GATA3,BRIP1,ENSG00000136492,71,60,50,59.1,0.814118,1
expanded_validation_v1_20260715_r7_orthogonal_0156,frozen_benchmark_370,GTRD_independent,development,1,GATA3,ECD,ENSG00000122882,2,60,35,49.2,0.581176,1
expanded_validation_v1_20260715_r7_orthogonal_0141,frozen_benchmark_370,GTRD_independent,development,1,GATA3,FMN1,ENSG00000248905,12,60,0,43.2,0.44,1
expanded_validation_v1_20260715_r7_orthogonal_0145,frozen_benchmark_370,GTRD_independent,development,1,GATA3,MOB4,ENSG00000115540,100,60,0,52,0.647059,1
expanded_validation_v1_20260715_r7_orthogonal_0157,frozen_benchmark_370,GTRD_independent,development,1,GATA3,NARF,ENSG00000141562,100,60,0,52,0.647059,1
expanded_validation_v1_20260715_r7_orthogonal_0158,frozen_benchmark_370,GTRD_independent,test,1,GATA3,NBPF1,ENSG00000219481,100,60,35,59,0.811765,1
expanded_validation_v1_20260715_r7_orthogonal_0155,frozen_benchmark_370,GTRD_independent,development,1,GATA3,NOCT,ENSG00000151014,100,60,0,52,0.647059,1
expanded_validation_v1_20260715_r7_orthogonal_0150,frozen_benchmark_370,GTRD_independent,development,1,GATA3,PAFAH2,ENSG00000158006,2,60,0,42.2,0.416471,1
expanded_validation_v1_20260715_r7_orthogonal_0142,frozen_benchmark_370,GTRD_independent,development,1,GATA3,POLG,ENSG00000140521,100,60,35,59,0.811765,1
expanded_validation_v1_20260715_r7_orthogonal_0144,frozen_benchmark_370,GTRD_independent,test,1,GATA3,QRICH1,ENSG00000198218,100,60,0,52,0.647059,1
expanded_validation_v1_20260715_r7_orthogonal_0160,frozen_benchmark_370,GTRD_independent,development,1,GATA3,RTN4,ENSG00000115310,12,60,35,50.2,0.604706,1
expanded_validation_v1_20260715_r7_orthogonal_0148,frozen_benchmark_370,GTRD_independent,development,1,GATA3,SLC41A2,ENSG00000136052,100,60,0,52,0.647059,1
expanded_validation_v1_20260715_r7_orthogonal_0153,frozen_benchmark_370,GTRD_independent,development,1,GATA3,SMC3,ENSG00000108055,100,60,35,59,0.811765,1
expanded_validation_v1_20260715_r7_orthogonal_0154,frozen_benchmark_370,GTRD_independent,development,1,GATA3,SRSF5,ENSG00000100650,100,60,0,52,0.647059,1
expanded_validation_v1_20260715_r7_orthogonal_0151,frozen_benchmark_370,GTRD_independent,development,1,GATA3,SYVN1,ENSG00000162298,3,60,35,49.3,0.583529,1
expanded_validation_v1_20260715_r7_orthogonal_0146,frozen_benchmark_370,GTRD_independent,development,1,GATA3,THAP1,ENSG00000131931,100,60,0,52,0.647059,1
expanded_validation_v1_20260715_r7_orthogonal_0159,frozen_benchmark_370,GTRD_independent,development,1,GATA3,THAP7,ENSG00000184436,100,53,0,47.1,0.531765,1
expanded_validation_v1_20260715_r7_orthogonal_0152,frozen_benchmark_370,GTRD_independent,development,1,GATA3,ZBTB37,ENSG00000185278,100,60,0,52,0.647059,1
expanded_validation_v1_20260715_r7_orthogonal_0113,frozen_benchmark_370,GTRD_independent,development,1,HNF4A,ABLIM1,ENSG00000099204,100,60,0,52,0.647059,1
expanded_validation_v1_20260715_r7_orthogonal_0107,frozen_benchmark_370,GTRD_independent,development,1,HNF4A,CDC42BPA,ENSG00000143776,15,60,0,43.5,0.447059,1
expanded_validation_v1_20260715_r7_orthogonal_0109,frozen_benchmark_370,GTRD_independent,development,1,HNF4A,FNBP4,ENSG00000109920,100,60,0,52,0.647059,1
expanded_validation_v1_20260715_r7_orthogonal_0114,frozen_benchmark_370,GTRD_independent,development,1,HNF4A,GAB1,ENSG00000109458,71,60,0,49.1,0.578824,1
expanded_validation_v1_20260715_r7_orthogonal_0118,frozen_benchmark_370,GTRD_independent,development,1,HNF4A,HYAL2,ENSG00000068001,100,60,0,52,0.647059,1
expanded_validation_v1_20260715_r7_orthogonal_0115,frozen_benchmark_370,GTRD_independent,development,1,HNF4A,INTS9,ENSG00000104299,100,60,0,52,0.647059,1
expanded_validation_v1_20260715_r7_orthogonal_0112,frozen_benchmark_370,GTRD_independent,test,1,HNF4A,KLF3,ENSG00000109787,95,60,35,58.5,0.8,1
expanded_validation_v1_20260715_r7_orthogonal_0108,frozen_benchmark_370,GTRD_independent,development,1,HNF4A,LSR,ENSG00000105699,100,60,0,52,0.647059,1
expanded_validation_v1_20260715_r7_orthogonal_0111,frozen_benchmark_370,GTRD_independent,development,1,HNF4A,MIDN,ENSG00000167470,100,60,0,52,0.647059,1
expanded_validation_v1_20260715_r7_orthogonal_0116,frozen_benchmark_370,GTRD_independent,development,1,HNF4A,NADK2,ENSG00000152620,100,60,0,52,0.647059,1
expanded_validation_v1_20260715_r7_orthogonal_0101,frozen_benchmark_370,GTRD_independent,development,1,HNF4A,PKP2,ENSG00000057294,100,60,0,52,0.647059,1
expanded_validation_v1_20260715_r7_orthogonal_0103,frozen_benchmark_370,GTRD_independent,development,1,HNF4A,RBBP4,ENSG00000162521,100,60,0,52,0.647059,1
expanded_validation_v1_20260715_r7_orthogonal_0105,frozen_benchmark_370,GTRD_independent,development,1,HNF4A,SKIL,ENSG00000136603,100,60,0,52,0.647059,1
expanded_validation_v1_20260715_r7_orthogonal_0106,frozen_benchmark_370,GTRD_independent,development,1,HNF4A,SLC25A28,ENSG00000155287,9,60,0,42.9,0.432941,1
expanded_validation_v1_20260715_r7_orthogonal_0117,frozen_benchmark_370,GTRD_independent,development,1,HNF4A,TACC2,ENSG00000138162,9,60,0,42.9,0.432941,1
expanded_validation_v1_20260715_r7_orthogonal_0104,frozen_benchmark_370,GTRD_independent,development,1,HNF4A,TIPARP,ENSG00000163659,12,60,0,43.2,0.44,1
expanded_validation_v1_20260715_r7_orthogonal_0120,frozen_benchmark_370,GTRD_independent,development,1,HNF4A,TMEM256,ENSG00000205544,100,35,0,34.5,0.235294,0
expanded_validation_v1_20260715_r7_orthogonal_0110,frozen_benchmark_370,GTRD_independent,development,1,HNF4A,UBP1,ENSG00000153560,100,60,0,52,0.647059,1
expanded_validation_v1_20260715_r7_orthogonal_0102,frozen_benchmark_370,GTRD_independent,development,1,HNF4A,ZBED4,ENSG00000100426,100,60,0,52,0.647059,1
expanded_validation_v1_20260715_r7_orthogonal_0119,frozen_benchmark_370,GTRD_independent,development,1,HNF4A,ZBTB8OS,ENSG00000176261,100,60,0,52,0.647059,1
expanded_validation_v1_20260715_r7_orthogonal_0077,frozen_benchmark_370,GTRD_independent,development,1,NR3C1,ACOT7,ENSG00000097021,93,60,0,51.3,0.630588,1
expanded_validation_v1_20260715_r7_orthogonal_0079,frozen_benchmark_370,GTRD_independent,development,1,NR3C1,ANXA4,ENSG00000196975,14,60,0,43.4,0.444706,1
expanded_validation_v1_20260715_r7_orthogonal_0073,frozen_benchmark_370,GTRD_independent,development,1,NR3C1,CHKA,ENSG00000110721,9,60,0,42.9,0.432941,1
expanded_validation_v1_20260715_r7_orthogonal_0074,frozen_benchmark_370,GTRD_independent,development,1,NR3C1,CMTM3,ENSG00000140931,5,41,35,36.2,0.275294,0
expanded_validation_v1_20260715_r7_orthogonal_0069,frozen_benchmark_370,GTRD_independent,test,1,NR3C1,CSNK2B,ENSG00000204435,4,60,0,42.4,0.421176,1
expanded_validation_v1_20260715_r7_orthogonal_0061,frozen_benchmark_370,GTRD_independent,development,1,NR3C1,FKBP10,ENSG00000141756,97,59,0,51,0.623529,1
expanded_validation_v1_20260715_r7_orthogonal_0070,frozen_benchmark_370,GTRD_independent,test,1,NR3C1,GPANK1,ENSG00000204438,6,59,0,41.9,0.409412,0
expanded_validation_v1_20260715_r7_orthogonal_0065,frozen_benchmark_370,GTRD_independent,development,1,NR3C1,HNRNPUL2,ENSG00000214753,98,60,0,51.8,0.642353,1
expanded_validation_v1_20260715_r7_orthogonal_0076,frozen_benchmark_370,GTRD_independent,test,1,NR3C1,HSD11B2,ENSG00000176387,22,59,75,58.5,0.8,1
expanded_validation_v1_20260715_r7_orthogonal_0062,frozen_benchmark_370,GTRD_independent,test,1,NR3C1,KAT6B,ENSG00000156650,10,60,0,43,0.435294,1
expanded_validation_v1_20260715_r7_orthogonal_0067,frozen_benchmark_370,GTRD_independent,development,1,NR3C1,MYO19,ENSG00000278259,2,60,0,42.2,0.416471,1
expanded_validation_v1_20260715_r7_orthogonal_0078,frozen_benchmark_370,GTRD_independent,development,1,NR3C1,PHF19,ENSG00000119403,3,60,0,42.3,0.418824,1
expanded_validation_v1_20260715_r7_orthogonal_0068,frozen_benchmark_370,GTRD_independent,development,1,NR3C1,PIGW,ENSG00000277161,2,60,0,42.2,0.416471,1
expanded_validation_v1_20260715_r7_orthogonal_0072,frozen_benchmark_370,GTRD_independent,development,1,NR3C1,PNPLA6,ENSG00000032444,11,60,0,43.1,0.437647,1
expanded_validation_v1_20260715_r7_orthogonal_0075,frozen_benchmark_370,GTRD_independent,development,1,NR3C1,RACK1,ENSG00000204628,5,60,35,49.5,0.588235,1
expanded_validation_v1_20260715_r7_orthogonal_0066,frozen_benchmark_370,GTRD_independent,development,1,NR3C1,RNPEP,ENSG00000176393,6,60,35,49.6,0.590588,1
expanded_validation_v1_20260715_r7_orthogonal_0071,frozen_benchmark_370,GTRD_independent,development,1,NR3C1,SLC35F2,ENSG00000110660,99,60,0,51.9,0.644706,1
expanded_validation_v1_20260715_r7_orthogonal_0080,frozen_benchmark_370,GTRD_independent,development,1,NR3C1,TBL1XR1,ENSG00000177565,3,60,35,49.3,0.583529,1
expanded_validation_v1_20260715_r7_orthogonal_0064,frozen_benchmark_370,GTRD_independent,development,1,NR3C1,TSPAN10,ENSG00000182612,100,60,0,52,0.647059,1
expanded_validation_v1_20260715_r7_orthogonal_0063,frozen_benchmark_370,GTRD_independent,development,1,NR3C1,VDAC2,ENSG00000165637,1,60,35,49.1,0.578824,1
expanded_validation_v1_20260715_r7_orthogonal_0057,frozen_benchmark_370,GTRD_independent,test,1,PGR,ACTN1,ENSG00000072110,0,60,0,42,0.411765,1
expanded_validation_v1_20260715_r7_orthogonal_0042,frozen_benchmark_370,GTRD_independent,development,1,PGR,AKR7A2,ENSG00000053371,0,60,0,42,0.411765,1
expanded_validation_v1_20260715_r7_orthogonal_0047,frozen_benchmark_370,GTRD_independent,development,1,PGR,AP4E1,ENSG00000081014,0,60,0,42,0.411765,1
expanded_validation_v1_20260715_r7_orthogonal_0049,frozen_benchmark_370,GTRD_independent,development,1,PGR,ARPC4,ENSG00000241553,0,60,0,42,0.411765,1
expanded_validation_v1_20260715_r7_orthogonal_0050,frozen_benchmark_370,GTRD_independent,test,1,PGR,ARPC4-TTLL3,ENSG00000250151,0,60,0,42,0.411765,1
expanded_validation_v1_20260715_r7_orthogonal_0045,frozen_benchmark_370,GTRD_independent,development,1,PGR,CBX1,ENSG00000108468,0,60,0,42,0.411765,1
expanded_validation_v1_20260715_r7_orthogonal_0058,frozen_benchmark_370,GTRD_independent,development,1,PGR,CDC45,ENSG00000093009,0,60,0,42,0.411765,1
expanded_validation_v1_20260715_r7_orthogonal_0044,frozen_benchmark_370,GTRD_independent,development,1,PGR,DCAF11,ENSG00000100897,0,60,0,42,0.411765,1
expanded_validation_v1_20260715_r7_orthogonal_0051,frozen_benchmark_370,GTRD_independent,test,1,PGR,EIF2B4,ENSG00000115211,0,60,0,42,0.411765,1
expanded_validation_v1_20260715_r7_orthogonal_0043,frozen_benchmark_370,GTRD_independent,development,1,PGR,HDLBP,ENSG00000115677,0,60,0,42,0.411765,1
expanded_validation_v1_20260715_r7_orthogonal_0060,frozen_benchmark_370,GTRD_independent,development,1,PGR,MADD,ENSG00000110514,0,60,0,42,0.411765,1
expanded_validation_v1_20260715_r7_orthogonal_0041,frozen_benchmark_370,GTRD_independent,development,1,PGR,MAPK7,ENSG00000166484,0,60,0,42,0.411765,1
expanded_validation_v1_20260715_r7_orthogonal_0053,frozen_benchmark_370,GTRD_independent,development,1,PGR,MYL12B,ENSG00000118680,0,60,0,42,0.411765,1
expanded_validation_v1_20260715_r7_orthogonal_0059,frozen_benchmark_370,GTRD_independent,development,1,PGR,NAA50,ENSG00000121579,0,60,0,42,0.411765,1
expanded_validation_v1_20260715_r7_orthogonal_0048,frozen_benchmark_370,GTRD_independent,development,1,PGR,PARK7,ENSG00000116288,0,60,0,42,0.411765,1
expanded_validation_v1_20260715_r7_orthogonal_0055,frozen_benchmark_370,GTRD_independent,test,1,PGR,RUBCN,ENSG00000145016,0,60,0,42,0.411765,1
expanded_validation_v1_20260715_r7_orthogonal_0052,frozen_benchmark_370,GTRD_independent,test,1,PGR,SNX17,ENSG00000115234,0,60,0,42,0.411765,1
expanded_validation_v1_20260715_r7_orthogonal_0054,frozen_benchmark_370,GTRD_independent,test,1,PGR,SUCO,ENSG00000094975,0,60,0,42,0.411765,1
expanded_validation_v1_20260715_r7_orthogonal_0056,frozen_benchmark_370,GTRD_independent,development,1,PGR,ZNF131,ENSG00000172262,0,60,0,42,0.411765,1
expanded_validation_v1_20260715_r7_orthogonal_0046,frozen_benchmark_370,GTRD_independent,development,1,PGR,ZNF672,ENSG00000171161,0,60,0,42,0.411765,1
expanded_validation_v1_20260715_r7_orthogonal_0099,frozen_benchmark_370,GTRD_independent,development,1,PPARG,ACADVL,ENSG00000072778,51,60,50,57.1,0.767059,1
expanded_validation_v1_20260715_r7_orthogonal_0087,frozen_benchmark_370,GTRD_independent,development,1,PPARG,ASXL1,ENSG00000171456,100,60,0,52,0.647059,1
expanded_validation_v1_20260715_r7_orthogonal_0088,frozen_benchmark_370,GTRD_independent,test,1,PPARG,C2ORF73,ENSG00000177994,2,60,0,42.2,0.416471,1
expanded_validation_v1_20260715_r7_orthogonal_0100,frozen_benchmark_370,GTRD_independent,test,1,PPARG,EEF1A1,ENSG00000156508,2,60,35,49.2,0.581176,1
expanded_validation_v1_20260715_r7_orthogonal_0094,frozen_benchmark_370,GTRD_independent,development,1,PPARG,EIF5B,ENSG00000158417,98,60,0,51.8,0.642353,1
expanded_validation_v1_20260715_r7_orthogonal_0086,frozen_benchmark_370,GTRD_independent,development,1,PPARG,HBP1,ENSG00000105856,76,60,35,56.6,0.755294,1
expanded_validation_v1_20260715_r7_orthogonal_0084,frozen_benchmark_370,GTRD_independent,development,1,PPARG,ILVBL,ENSG00000105135,2,60,0,42.2,0.416471,1
expanded_validation_v1_20260715_r7_orthogonal_0089,frozen_benchmark_370,GTRD_independent,test,1,PPARG,KDM2A,ENSG00000173120,2,60,35,49.2,0.581176,1
expanded_validation_v1_20260715_r7_orthogonal_0083,frozen_benchmark_370,GTRD_independent,development,1,PPARG,LGALS1,ENSG00000100097,40,60,0,46,0.505882,1
expanded_validation_v1_20260715_r7_orthogonal_0081,frozen_benchmark_370,GTRD_independent,development,1,PPARG,LNPEP,ENSG00000113441,84,60,0,50.4,0.609412,1
expanded_validation_v1_20260715_r7_orthogonal_0091,frozen_benchmark_370,GTRD_independent,development,1,PPARG,LZIC,ENSG00000162441,2,60,0,42.2,0.416471,1
expanded_validation_v1_20260715_r7_orthogonal_0093,frozen_benchmark_370,GTRD_independent,development,1,PPARG,MAP3K11,ENSG00000173327,88,60,0,50.8,0.618824,1
expanded_validation_v1_20260715_r7_orthogonal_0098,frozen_benchmark_370,GTRD_independent,development,1,PPARG,NFATC4,ENSG00000100968,100,60,35,59,0.811765,1
expanded_validation_v1_20260715_r7_orthogonal_0092,frozen_benchmark_370,GTRD_independent,development,1,PPARG,NMNAT1,ENSG00000173614,91,60,0,51.1,0.625882,1
expanded_validation_v1_20260715_r7_orthogonal_0082,frozen_benchmark_370,GTRD_independent,development,1,PPARG,NMT1,ENSG00000136448,2,60,0,42.2,0.416471,1
expanded_validation_v1_20260715_r7_orthogonal_0096,frozen_benchmark_370,GTRD_independent,development,1,PPARG,RNF6,ENSG00000127870,5,60,0,42.5,0.423529,1
expanded_validation_v1_20260715_r7_orthogonal_0090,frozen_benchmark_370,GTRD_independent,test,1,PPARG,SPAG4,ENSG00000061656,2,60,0,42.2,0.416471,1
expanded_validation_v1_20260715_r7_orthogonal_0085,frozen_benchmark_370,GTRD_independent,test,1,PPARG,TCP1,ENSG00000120438,100,60,0,52,0.647059,1
expanded_validation_v1_20260715_r7_orthogonal_0095,frozen_benchmark_370,GTRD_independent,development,1,PPARG,TXNDC9,ENSG00000115514,1,60,0,42.1,0.414118,1
expanded_validation_v1_20260715_r7_orthogonal_0097,frozen_benchmark_370,GTRD_independent,development,1,PPARG,ZNF747,ENSG00000169955,100,59,0,51.3,0.630588,1
expanded_validation_v1_20260715_r7_orthogonal_0135,frozen_benchmark_370,GTRD_independent,development,1,RARA,BHLHE40,ENSG00000134107,100,60,35,59,0.811765,1
expanded_validation_v1_20260715_r7_orthogonal_0129,frozen_benchmark_370,GTRD_independent,development,1,RARA,CAPRIN1,ENSG00000135387,2,60,0,42.2,0.416471,1
expanded_validation_v1_20260715_r7_orthogonal_0134,frozen_benchmark_370,GTRD_independent,test,1,RARA,CBX3,ENSG00000122565,100,60,0,52,0.647059,1
expanded_validation_v1_20260715_r7_orthogonal_0137,frozen_benchmark_370,GTRD_independent,development,1,RARA,E2F3,ENSG00000112242,90,60,35,58,0.788235,1
expanded_validation_v1_20260715_r7_orthogonal_0133,frozen_benchmark_370,GTRD_independent,development,1,RARA,GPR108,ENSG00000125734,100,60,0,52,0.647059,1
expanded_validation_v1_20260715_r7_orthogonal_0138,frozen_benchmark_370,GTRD_independent,test,1,RARA,HDLBP,ENSG00000115677,9,60,0,42.9,0.432941,1
expanded_validation_v1_20260715_r7_orthogonal_0126,frozen_benchmark_370,GTRD_independent,development,1,RARA,HNRNPH1,ENSG00000169045,3,60,0,42.3,0.418824,1
expanded_validation_v1_20260715_r7_orthogonal_0132,frozen_benchmark_370,GTRD_independent,development,1,RARA,HOXA4,ENSG00000197576,100,53,0,47.1,0.531765,1
expanded_validation_v1_20260715_r7_orthogonal_0124,frozen_benchmark_370,GTRD_independent,development,1,RARA,MBD6,ENSG00000166987,100,60,0,52,0.647059,1
expanded_validation_v1_20260715_r7_orthogonal_0122,frozen_benchmark_370,GTRD_independent,development,1,RARA,MFSD11,ENSG00000092931,10,60,0,43,0.435294,1
expanded_validation_v1_20260715_r7_orthogonal_0123,frozen_benchmark_370,GTRD_independent,development,1,RARA,NKIRAS1,ENSG00000197885,83,60,0,50.3,0.607059,1
expanded_validation_v1_20260715_r7_orthogonal_0121,frozen_benchmark_370,GTRD_independent,development,1,RARA,PITPNM1,ENSG00000110697,9,60,0,42.9,0.432941,1
expanded_validation_v1_20260715_r7_orthogonal_0131,frozen_benchmark_370,GTRD_independent,test,1,RARA,RDH10,ENSG00000121039,7,60,60,54.7,0.710588,1
expanded_validation_v1_20260715_r7_orthogonal_0125,frozen_benchmark_370,GTRD_independent,test,1,RARA,REPIN1,ENSG00000214022,100,60,0,52,0.647059,1
expanded_validation_v1_20260715_r7_orthogonal_0139,frozen_benchmark_370,GTRD_independent,test,1,RARA,SERPINB6,ENSG00000124570,12,60,0,43.2,0.44,1
expanded_validation_v1_20260715_r7_orthogonal_0130,frozen_benchmark_370,GTRD_independent,development,1,RARA,SKIL,ENSG00000136603,100,60,0,52,0.647059,1
expanded_validation_v1_20260715_r7_orthogonal_0136,frozen_benchmark_370,GTRD_independent,development,1,RARA,SRSF2,ENSG00000161547,91,47,0,42,0.411765,1
expanded_validation_v1_20260715_r7_orthogonal_0140,frozen_benchmark_370,GTRD_independent,development,1,RARA,UPP1,ENSG00000183696,100,60,0,52,0.647059,1
expanded_validation_v1_20260715_r7_orthogonal_0128,frozen_benchmark_370,GTRD_independent,development,1,RARA,VASP,ENSG00000125753,100,60,0,52,0.647059,1
expanded_validation_v1_20260715_r7_orthogonal_0127,frozen_benchmark_370,GTRD_independent,development,1,RARA,ZKSCAN2,ENSG00000155592,100,60,0,52,0.647059,1
expanded_validation_v1_20260715_r7_orthogonal_0177,frozen_benchmark_370,recent_literature_manual,development,1,AR,ADAM7,ENSG00000069206,100,47,35,49.9,0.597647,1
expanded_validation_v1_20260715_r7_orthogonal_0174,frozen_benchmark_370,recent_literature_manual,development,1,AR,FKBP5,ENSG00000096060,100,60,75,67,1,1
expanded_validation_v1_20260715_r7_orthogonal_0173,frozen_benchmark_370,recent_literature_manual,test,1,AR,KLK3,ENSG00000142515,100,60,75,67,1,1
expanded_validation_v1_20260715_r7_orthogonal_0178,frozen_benchmark_370,recent_literature_manual,test,1,AR,MAPRE2,ENSG00000166974,100,60,35,59,0.811765,1
expanded_validation_v1_20260715_r7_orthogonal_0175,frozen_benchmark_370,recent_literature_manual,development,1,AR,TMPRSS2,ENSG00000184012,100,60,75,67,1,1
expanded_validation_v1_20260715_r7_orthogonal_0176,frozen_benchmark_370,recent_literature_manual,development,1,AR,TNK1,ENSG00000174292,100,60,35,59,0.811765,1
expanded_validation_v1_20260715_r7_orthogonal_0172,frozen_benchmark_370,recent_literature_manual,development,1,AR,ZFHX3,ENSG00000140836,5,60,75,57.5,0.776471,1
expanded_validation_v1_20260715_r7_orthogonal_0165,frozen_benchmark_370,recent_literature_manual,development,1,HNF4A,ABCD3,ENSG00000117528,100,60,35,59,0.811765,1
expanded_validation_v1_20260715_r7_orthogonal_0161,frozen_benchmark_370,recent_literature_manual,development,1,HNF4A,ACY3,ENSG00000132744,100,60,35,59,0.811765,1
expanded_validation_v1_20260715_r7_orthogonal_0171,frozen_benchmark_370,recent_literature_manual,development,1,HNF4A,AKAP1,ENSG00000121057,100,60,35,59,0.811765,1
expanded_validation_v1_20260715_r7_orthogonal_0166,frozen_benchmark_370,recent_literature_manual,development,1,HNF4A,CDKN2AIP,ENSG00000168564,100,60,35,59,0.811765,1
expanded_validation_v1_20260715_r7_orthogonal_0169,frozen_benchmark_370,recent_literature_manual,development,1,HNF4A,GAD2,,5,60,35,49.5,0.588235,1
expanded_validation_v1_20260715_r7_orthogonal_0162,frozen_benchmark_370,recent_literature_manual,development,1,HNF4A,HAAO,ENSG00000162882,100,60,35,59,0.811765,1
expanded_validation_v1_20260715_r7_orthogonal_0163,frozen_benchmark_370,recent_literature_manual,development,1,HNF4A,HNF1A,ENSG00000135100,100,60,75,67,1,1
expanded_validation_v1_20260715_r7_orthogonal_0170,frozen_benchmark_370,recent_literature_manual,development,1,HNF4A,HOPX,ENSG00000171476,5,60,35,49.5,0.588235,1
expanded_validation_v1_20260715_r7_orthogonal_0164,frozen_benchmark_370,recent_literature_manual,development,1,HNF4A,MAP3K11,ENSG00000173327,100,60,35,59,0.811765,1
expanded_validation_v1_20260715_r7_orthogonal_0167,frozen_benchmark_370,recent_literature_manual,development,1,HNF4A,USH1C,ENSG00000006611,2,60,35,49.2,0.581176,1
expanded_validation_v1_20260715_r7_orthogonal_0168,frozen_benchmark_370,recent_literature_manual,test,1,HNF4A,VIL1,ENSG00000127831,100,60,35,59,0.811765,1
expanded_validation_v1_20260715_r7_orthogonal_0179,frozen_benchmark_370,strict_negative,development,0,AR,AKR1C6P,ENSG00000151631,8,60,0,42.8,0.430588,1
expanded_validation_v1_20260715_r7_orthogonal_0180,frozen_benchmark_370,strict_negative,development,0,AR,ATG10-AS1,ENSG00000248192,64,41,0,35.1,0.249412,0
expanded_validation_v1_20260715_r7_orthogonal_0181,frozen_benchmark_370,strict_negative,development,0,AR,BCRP6,ENSG00000169662,26,41,0,31.3,0.16,0
expanded_validation_v1_20260715_r7_orthogonal_0182,frozen_benchmark_370,strict_negative,development,0,AR,BNIP3P9,ENSG00000270325,24,41,0,31.1,0.155294,0
expanded_validation_v1_20260715_r7_orthogonal_0183,frozen_benchmark_370,strict_negative,development,0,AR,CDC42EP3P1,ENSG00000268992,27,41,0,31.4,0.162353,0
expanded_validation_v1_20260715_r7_orthogonal_0184,frozen_benchmark_370,strict_negative,development,0,AR,CDC42P4,ENSG00000249965,20,60,0,44,0.458824,1
expanded_validation_v1_20260715_r7_orthogonal_0185,frozen_benchmark_370,strict_negative,development,0,AR,CICP14,ENSG00000281490,35,47,0,36.4,0.28,0
expanded_validation_v1_20260715_r7_orthogonal_0186,frozen_benchmark_370,strict_negative,development,0,AR,CKS1BP3,ENSG00000268942,100,41,0,38.7,0.334118,0
expanded_validation_v1_20260715_r7_orthogonal_0187,frozen_benchmark_370,strict_negative,development,0,AR,COX7BP2,ENSG00000234274,38,41,0,32.5,0.188235,0
expanded_validation_v1_20260715_r7_orthogonal_0188,frozen_benchmark_370,strict_negative,development,0,AR,CROCCP5,ENSG00000186543,53,35,0,29.8,0.124706,0
expanded_validation_v1_20260715_r7_orthogonal_0189,frozen_benchmark_370,strict_negative,development,0,AR,CYP2D8P,ENSG00000226450,3,53,0,37.4,0.303529,0
expanded_validation_v1_20260715_r7_orthogonal_0190,frozen_benchmark_370,strict_negative,development,0,AR,DDX55P1,ENSG00000270863,25,53,0,39.6,0.355294,0
expanded_validation_v1_20260715_r7_orthogonal_0191,frozen_benchmark_370,strict_negative,development,0,AR,ENPP7P3,ENSG00000248618,25,47,0,35.4,0.256471,0
expanded_validation_v1_20260715_r7_orthogonal_0192,frozen_benchmark_370,strict_negative,development,0,AR,FXNP1,ENSG00000258421,17,47,0,34.6,0.237647,0
expanded_validation_v1_20260715_r7_orthogonal_0193,frozen_benchmark_370,strict_negative,development,0,AR,GRM7-AS2,ENSG00000237665,25,41,0,31.2,0.157647,0
expanded_validation_v1_20260715_r7_orthogonal_0194,frozen_benchmark_370,strict_negative,test,0,AR,GUCA1B,ENSG00000112599,34,41,35,39.1,0.343529,0
expanded_validation_v1_20260715_r7_orthogonal_0195,frozen_benchmark_370,strict_negative,development,0,AR,GUSBP8,ENSG00000227762,18,35,0,26.3,0.042353,0
expanded_validation_v1_20260715_r7_orthogonal_0196,frozen_benchmark_370,strict_negative,development,0,AR,H2AFZP5,ENSG00000234612,41,47,0,37,0.294118,0
expanded_validation_v1_20260715_r7_orthogonal_0197,frozen_benchmark_370,strict_negative,development,0,AR,HMGN2P15,ENSG00000214578,26,59,0,43.9,0.456471,1
expanded_validation_v1_20260715_r7_orthogonal_0198,frozen_benchmark_370,strict_negative,test,0,AR,HNRNPA3P2,ENSG00000227688,34,35,0,27.9,0.08,0
expanded_validation_v1_20260715_r7_orthogonal_0199,frozen_benchmark_370,strict_negative,development,0,AR,HNRNPUP1,ENSG00000259051,24,35,0,26.9,0.056471,0
expanded_validation_v1_20260715_r7_orthogonal_0200,frozen_benchmark_370,strict_negative,development,0,AR,HSA-MIR-548D-2,ENSG00000207688,38,59,0,45.1,0.484706,1
expanded_validation_v1_20260715_r7_orthogonal_0201,frozen_benchmark_370,strict_negative,development,0,AR,HSD3BP3,ENSG00000249798,47,59,0,46,0.505882,1
expanded_validation_v1_20260715_r7_orthogonal_0202,frozen_benchmark_370,strict_negative,test,0,AR,HSPD1P18,ENSG00000248351,23,60,0,44.3,0.465882,1
expanded_validation_v1_20260715_r7_orthogonal_0203,frozen_benchmark_370,strict_negative,development,0,ESR1,ADAM3B,ENSG00000260089,34,47,0,36.3,0.277647,0
expanded_validation_v1_20260715_r7_orthogonal_0204,frozen_benchmark_370,strict_negative,development,0,ESR1,ADGRF5P2,ENSG00000204818,28,60,0,44.8,0.477647,1
expanded_validation_v1_20260715_r7_orthogonal_0205,frozen_benchmark_370,strict_negative,development,0,ESR1,AKR1B1P8,ENSG00000231371,15,47,0,34.4,0.232941,0
expanded_validation_v1_20260715_r7_orthogonal_0206,frozen_benchmark_370,strict_negative,development,0,ESR1,ANKRD62P1,ENSG00000259271,100,47,0,42.9,0.432941,1
expanded_validation_v1_20260715_r7_orthogonal_0207,frozen_benchmark_370,strict_negative,development,0,ESR1,CCDC58P1,ENSG00000264311,0,59,0,41.3,0.395294,0
expanded_validation_v1_20260715_r7_orthogonal_0208,frozen_benchmark_370,strict_negative,development,0,ESR1,CLNS1AP1,ENSG00000213335,72,60,0,49.2,0.581176,1
expanded_validation_v1_20260715_r7_orthogonal_0209,frozen_benchmark_370,strict_negative,development,0,ESR1,COX6CP8,ENSG00000253231,20,47,0,34.9,0.244706,0
expanded_validation_v1_20260715_r7_orthogonal_0210,frozen_benchmark_370,strict_negative,test,0,ESR1,COX7A2P2,ENSG00000236764,62,35,0,30.7,0.145882,0
expanded_validation_v1_20260715_r7_orthogonal_0211,frozen_benchmark_370,strict_negative,development,0,ESR1,DEFB108P3,ENSG00000255544,0,35,0,24.5,0,0
expanded_validation_v1_20260715_r7_orthogonal_0212,frozen_benchmark_370,strict_negative,test,0,ESR1,DPP3P1,ENSG00000250768,57,35,0,30.2,0.134118,0
expanded_validation_v1_20260715_r7_orthogonal_0213,frozen_benchmark_370,strict_negative,development,0,ESR1,DPPA3,ENSG00000187569,40,60,0,46,0.505882,1
expanded_validation_v1_20260715_r7_orthogonal_0214,frozen_benchmark_370,strict_negative,development,0,ESR1,DYTN,ENSG00000232125,40,47,0,36.9,0.291765,0
expanded_validation_v1_20260715_r7_orthogonal_0215,frozen_benchmark_370,strict_negative,test,0,ESR1,EXOC7P1,ENSG00000250485,62,47,0,39.1,0.343529,0
expanded_validation_v1_20260715_r7_orthogonal_0216,frozen_benchmark_370,strict_negative,development,0,ESR1,FAM90A24P,ENSG00000215354,3,47,0,33.2,0.204706,0
expanded_validation_v1_20260715_r7_orthogonal_0217,frozen_benchmark_370,strict_negative,development,0,ESR1,GABRG3-AS1,ENSG00000228740,89,35,0,33.4,0.209412,0
expanded_validation_v1_20260715_r7_orthogonal_0218,frozen_benchmark_370,strict_negative,development,0,ESR1,GAPDHP21,ENSG00000236993,100,60,0,52,0.647059,1
expanded_validation_v1_20260715_r7_orthogonal_0219,frozen_benchmark_370,strict_negative,development,0,ESR1,GAPDHP46,ENSG00000224678,66,59,0,47.9,0.550588,1
expanded_validation_v1_20260715_r7_orthogonal_0220,frozen_benchmark_370,strict_negative,development,0,ESR1,GAPDHP56,ENSG00000249018,57,35,0,30.2,0.134118,0
expanded_validation_v1_20260715_r7_orthogonal_0221,frozen_benchmark_370,strict_negative,test,0,ESR1,GBP1P1,ENSG00000225492,100,47,0,42.9,0.432941,1
expanded_validation_v1_20260715_r7_orthogonal_0222,frozen_benchmark_370,strict_negative,test,0,ESR1,GVINP2,ENSG00000254781,100,47,0,42.9,0.432941,1
expanded_validation_v1_20260715_r7_orthogonal_0223,frozen_benchmark_370,strict_negative,development,0,ESR1,GYPA,ENSG00000170180,80,47,0,40.9,0.385882,0
expanded_validation_v1_20260715_r7_orthogonal_0224,frozen_benchmark_370,strict_negative,development,0,ESR1,HMGN2P31,ENSG00000214195,72,47,0,40.1,0.367059,0
expanded_validation_v1_20260715_r7_orthogonal_0225,frozen_benchmark_370,strict_negative,development,0,ESR1,HSPA8P17,ENSG00000228557,20,59,0,43.3,0.442353,1
expanded_validation_v1_20260715_r7_orthogonal_0226,frozen_benchmark_370,strict_negative,development,0,ESR1,HSPA8P9,ENSG00000241478,15,35,0,26,0.035294,0
expanded_validation_v1_20260715_r7_orthogonal_0364,frozen_benchmark_370,strict_negative,development,0,GATA3,AOC2,ENSG00000131480,38,47,0,36.7,0.287059,0
expanded_validation_v1_20260715_r7_orthogonal_0365,frozen_benchmark_370,strict_negative,development,0,GATA3,APOA4,ENSG00000110244,42,41,0,32.9,0.197647,0
expanded_validation_v1_20260715_r7_orthogonal_0366,frozen_benchmark_370,strict_negative,test,0,GATA3,BIRC7,ENSG00000101197,67,53,0,43.8,0.454118,1
expanded_validation_v1_20260715_r7_orthogonal_0347,frozen_benchmark_370,strict_negative,development,0,GATA3,BRICD5,ENSG00000182685,21,53,0,39.2,0.345882,0
expanded_validation_v1_20260715_r7_orthogonal_0348,frozen_benchmark_370,strict_negative,test,0,GATA3,C1ORF147,ENSG00000162888,61,47,0,39,0.341176,0
expanded_validation_v1_20260715_r7_orthogonal_0349,frozen_benchmark_370,strict_negative,test,0,GATA3,CACNA1G-AS1,ENSG00000250107,89,41,0,37.6,0.308235,0
expanded_validation_v1_20260715_r7_orthogonal_0350,frozen_benchmark_370,strict_negative,test,0,GATA3,CEP164P1,ENSG00000226937,5,59,0,41.8,0.407059,0
expanded_validation_v1_20260715_r7_orthogonal_0367,frozen_benchmark_370,strict_negative,development,0,GATA3,CLUHP5,ENSG00000230468,22,47,0,35.1,0.249412,0
expanded_validation_v1_20260715_r7_orthogonal_0351,frozen_benchmark_370,strict_negative,development,0,GATA3,COX6B1P3,ENSG00000172912,38,47,0,36.7,0.287059,0
expanded_validation_v1_20260715_r7_orthogonal_0352,frozen_benchmark_370,strict_negative,development,0,GATA3,CSNK1A1P1,ENSG00000223518,11,35,0,25.6,0.025882,0
expanded_validation_v1_20260715_r7_orthogonal_0368,frozen_benchmark_370,strict_negative,development,0,GATA3,CST4,ENSG00000101441,2,41,0,28.9,0.103529,0
expanded_validation_v1_20260715_r7_orthogonal_0353,frozen_benchmark_370,strict_negative,development,0,GATA3,CSTP1,ENSG00000228476,2,41,0,28.9,0.103529,0
expanded_validation_v1_20260715_r7_orthogonal_0354,frozen_benchmark_370,strict_negative,test,0,GATA3,DNAH17-AS1,ENSG00000267432,5,53,0,37.6,0.308235,0
expanded_validation_v1_20260715_r7_orthogonal_0355,frozen_benchmark_370,strict_negative,test,0,GATA3,DPP9-AS1,ENSG00000205790,2,35,0,24.7,0.004706,0
expanded_validation_v1_20260715_r7_orthogonal_0369,frozen_benchmark_370,strict_negative,development,0,GATA3,FAM90A24P,ENSG00000215354,3,41,0,29,0.105882,0
expanded_validation_v1_20260715_r7_orthogonal_0370,frozen_benchmark_370,strict_negative,development,0,GATA3,FAM90A26,ENSG00000229924,21,47,0,35,0.247059,0
expanded_validation_v1_20260715_r7_orthogonal_0356,frozen_benchmark_370,strict_negative,test,0,GATA3,GIPC3,ENSG00000179855,58,60,0,47.8,0.548235,1
expanded_validation_v1_20260715_r7_orthogonal_0357,frozen_benchmark_370,strict_negative,development,0,GATA3,LILRB4,ENSG00000186818,26,47,0,35.5,0.258824,0
expanded_validation_v1_20260715_r7_orthogonal_0358,frozen_benchmark_370,strict_negative,development,0,GATA3,PEG13,ENSG00000282164,3,47,0,33.2,0.204706,0
expanded_validation_v1_20260715_r7_orthogonal_0359,frozen_benchmark_370,strict_negative,development,0,GATA3,RN7SL32P,ENSG00000263941,5,53,0,37.6,0.308235,0
expanded_validation_v1_20260715_r7_orthogonal_0360,frozen_benchmark_370,strict_negative,development,0,GATA3,RNU6-1238P,ENSG00000253024,9,41,0,29.6,0.12,0
expanded_validation_v1_20260715_r7_orthogonal_0361,frozen_benchmark_370,strict_negative,development,0,GATA3,RNU6-390P,ENSG00000252068,42,59,0,45.5,0.494118,1
expanded_validation_v1_20260715_r7_orthogonal_0362,frozen_benchmark_370,strict_negative,development,0,GATA3,SERPINA3,ENSG00000273259,100,41,0,38.7,0.334118,0
expanded_validation_v1_20260715_r7_orthogonal_0363,frozen_benchmark_370,strict_negative,test,0,GATA3,SHANK1,ENSG00000161681,2,53,0,37.3,0.301176,0
expanded_validation_v1_20260715_r7_orthogonal_0299,frozen_benchmark_370,strict_negative,development,0,HNF4A,ACTBL2,ENSG00000169067,7,41,0,29.4,0.115294,0
expanded_validation_v1_20260715_r7_orthogonal_0300,frozen_benchmark_370,strict_negative,development,0,HNF4A,AK4P5,ENSG00000217377,32,41,0,31.9,0.174118,0
expanded_validation_v1_20260715_r7_orthogonal_0301,frozen_benchmark_370,strict_negative,test,0,HNF4A,AKAP4,ENSG00000147081,8,47,0,33.7,0.216471,0
expanded_validation_v1_20260715_r7_orthogonal_0302,frozen_benchmark_370,strict_negative,development,0,HNF4A,ARF4P1,ENSG00000271525,34,47,0,36.3,0.277647,0
expanded_validation_v1_20260715_r7_orthogonal_0303,frozen_benchmark_370,strict_negative,test,0,HNF4A,CALN1,ENSG00000183166,6,41,0,29.3,0.112941,0
expanded_validation_v1_20260715_r7_orthogonal_0304,frozen_benchmark_370,strict_negative,development,0,HNF4A,CISD1P1,ENSG00000213403,5,41,0,29.2,0.110588,0
expanded_validation_v1_20260715_r7_orthogonal_0305,frozen_benchmark_370,strict_negative,development,0,HNF4A,CUL1P1,ENSG00000251032,28,47,0,35.7,0.263529,0
expanded_validation_v1_20260715_r7_orthogonal_0306,frozen_benchmark_370,strict_negative,development,0,HNF4A,DNAI2,ENSG00000171595,5,47,0,33.4,0.209412,0
expanded_validation_v1_20260715_r7_orthogonal_0307,frozen_benchmark_370,strict_negative,development,0,HNF4A,DPPA3P3,ENSG00000270415,8,35,0,25.3,0.018824,0
expanded_validation_v1_20260715_r7_orthogonal_0308,frozen_benchmark_370,strict_negative,development,0,HNF4A,DYNAP,ENSG00000178690,5,41,0,29.2,0.110588,0
expanded_validation_v1_20260715_r7_orthogonal_0309,frozen_benchmark_370,strict_negative,development,0,HNF4A,EGFL8,ENSG00000241404,12,35,0,25.7,0.028235,0
expanded_validation_v1_20260715_r7_orthogonal_0310,frozen_benchmark_370,strict_negative,test,0,HNF4A,EVX1,ENSG00000106038,11,41,0,29.8,0.124706,0
expanded_validation_v1_20260715_r7_orthogonal_0311,frozen_benchmark_370,strict_negative,development,0,HNF4A,FBXW4P1,ENSG00000230701,12,60,0,43.2,0.44,1
expanded_validation_v1_20260715_r7_orthogonal_0312,frozen_benchmark_370,strict_negative,development,0,HNF4A,FTH1P16,ENSG00000227376,9,41,0,29.6,0.12,0
expanded_validation_v1_20260715_r7_orthogonal_0313,frozen_benchmark_370,strict_negative,development,0,HNF4A,GABRG1,ENSG00000163285,21,35,0,26.6,0.049412,0
expanded_validation_v1_20260715_r7_orthogonal_0314,frozen_benchmark_370,strict_negative,test,0,HNF4A,GMCL1P2,ENSG00000271070,5,47,0,33.4,0.209412,0
expanded_validation_v1_20260715_r7_orthogonal_0315,frozen_benchmark_370,strict_negative,test,0,HNF4A,GNG3,ENSG00000162188,3,35,0,24.8,0.007059,0
expanded_validation_v1_20260715_r7_orthogonal_0316,frozen_benchmark_370,strict_negative,development,0,HNF4A,GRAMD4P8,ENSG00000270930,8,35,0,25.3,0.018824,0
expanded_validation_v1_20260715_r7_orthogonal_0317,frozen_benchmark_370,strict_negative,development,0,HNF4A,GTF3AP5,ENSG00000225816,42,41,0,32.9,0.197647,0
expanded_validation_v1_20260715_r7_orthogonal_0318,frozen_benchmark_370,strict_negative,development,0,HNF4A,ILF2P1,ENSG00000244226,42,47,0,37.1,0.296471,0
expanded_validation_v1_20260715_r7_orthogonal_0319,frozen_benchmark_370,strict_negative,development,0,HNF4A,KRT18P3,ENSG00000215553,5,53,0,37.6,0.308235,0
expanded_validation_v1_20260715_r7_orthogonal_0320,frozen_benchmark_370,strict_negative,development,0,HNF4A,KRT18P31,ENSG00000249850,16,47,0,34.5,0.235294,0
expanded_validation_v1_20260715_r7_orthogonal_0321,frozen_benchmark_370,strict_negative,development,0,HNF4A,KRT31,ENSG00000094796,14,41,0,30.1,0.131765,0
expanded_validation_v1_20260715_r7_orthogonal_0322,frozen_benchmark_370,strict_negative,test,0,HNF4A,KRT40,ENSG00000204889,33,47,0,36.2,0.275294,0
expanded_validation_v1_20260715_r7_orthogonal_0251,frozen_benchmark_370,strict_negative,test,0,NR3C1,ABCB10P4,ENSG00000260053,3,53,0,37.4,0.303529,0
expanded_validation_v1_20260715_r7_orthogonal_0252,frozen_benchmark_370,strict_negative,development,0,NR3C1,ABHD17AP3,ENSG00000250536,1,41,0,28.8,0.101176,0
expanded_validation_v1_20260715_r7_orthogonal_0253,frozen_benchmark_370,strict_negative,development,0,NR3C1,AIPL1,ENSG00000129221,3,35,0,24.8,0.007059,0
expanded_validation_v1_20260715_r7_orthogonal_0254,frozen_benchmark_370,strict_negative,development,0,NR3C1,ASH2LP1,ENSG00000224144,3,47,0,33.2,0.204706,0
expanded_validation_v1_20260715_r7_orthogonal_0255,frozen_benchmark_370,strict_negative,test,0,NR3C1,C21ORF33,ENSG00000160221,17,47,0,34.6,0.237647,0
expanded_validation_v1_20260715_r7_orthogonal_0256,frozen_benchmark_370,strict_negative,development,0,NR3C1,CALM2P2,ENSG00000229097,7,35,0,25.2,0.016471,0
expanded_validation_v1_20260715_r7_orthogonal_0257,frozen_benchmark_370,strict_negative,development,0,NR3C1,CNGB3,ENSG00000170289,3,59,0,41.6,0.402353,0
expanded_validation_v1_20260715_r7_orthogonal_0258,frozen_benchmark_370,strict_negative,development,0,NR3C1,CYCSP23,ENSG00000253495,1,53,0,37.2,0.298824,0
expanded_validation_v1_20260715_r7_orthogonal_0259,frozen_benchmark_370,strict_negative,development,0,NR3C1,CYP2C61P,ENSG00000270648,3,41,0,29,0.105882,0
expanded_validation_v1_20260715_r7_orthogonal_0260,frozen_benchmark_370,strict_negative,development,0,NR3C1,EEF1DP7,ENSG00000263883,21,47,0,35,0.247059,0
expanded_validation_v1_20260715_r7_orthogonal_0261,frozen_benchmark_370,strict_negative,test,0,NR3C1,EIF4A1P1,ENSG00000233300,3,47,0,33.2,0.204706,0
expanded_validation_v1_20260715_r7_orthogonal_0262,frozen_benchmark_370,strict_negative,test,0,NR3C1,EIF4E2P1,ENSG00000213384,3,53,0,37.4,0.303529,0
expanded_validation_v1_20260715_r7_orthogonal_0263,frozen_benchmark_370,strict_negative,development,0,NR3C1,FABP5P7,ENSG00000234964,3,35,0,24.8,0.007059,0
expanded_validation_v1_20260715_r7_orthogonal_0264,frozen_benchmark_370,strict_negative,development,0,NR3C1,FAM166AP2,ENSG00000256986,0,35,0,24.5,0,0
expanded_validation_v1_20260715_r7_orthogonal_0265,frozen_benchmark_370,strict_negative,development,0,NR3C1,FAM209B,ENSG00000213714,3,53,0,37.4,0.303529,0
expanded_validation_v1_20260715_r7_orthogonal_0266,frozen_benchmark_370,strict_negative,development,0,NR3C1,FAM45BP,ENSG00000221930,0,53,0,37.1,0.296471,0
expanded_validation_v1_20260715_r7_orthogonal_0267,frozen_benchmark_370,strict_negative,test,0,NR3C1,FAM66B,ENSG00000215374,0,35,0,24.5,0,0
expanded_validation_v1_20260715_r7_orthogonal_0268,frozen_benchmark_370,strict_negative,development,0,NR3C1,FAM71BP1,ENSG00000270683,3,59,0,41.6,0.402353,0
expanded_validation_v1_20260715_r7_orthogonal_0269,frozen_benchmark_370,strict_negative,development,0,NR3C1,FARSA-AS1,ENSG00000266975,32,41,0,31.9,0.174118,0
expanded_validation_v1_20260715_r7_orthogonal_0270,frozen_benchmark_370,strict_negative,development,0,NR3C1,FATE1,ENSG00000147378,5,47,0,33.4,0.209412,0
expanded_validation_v1_20260715_r7_orthogonal_0271,frozen_benchmark_370,strict_negative,test,0,NR3C1,FGF20,ENSG00000078579,6,35,0,25.1,0.014118,0
expanded_validation_v1_20260715_r7_orthogonal_0272,frozen_benchmark_370,strict_negative,development,0,NR3C1,GAPDHP60,ENSG00000248180,14,41,0,30.1,0.131765,0
expanded_validation_v1_20260715_r7_orthogonal_0273,frozen_benchmark_370,strict_negative,development,0,NR3C1,GJA4,ENSG00000187513,7,47,0,33.6,0.214118,0
expanded_validation_v1_20260715_r7_orthogonal_0274,frozen_benchmark_370,strict_negative,development,0,NR3C1,GPR4,ENSG00000177464,22,41,0,30.9,0.150588,0
expanded_validation_v1_20260715_r7_orthogonal_0227,frozen_benchmark_370,strict_negative,development,0,PGR,ARL6IP1P1,ENSG00000255664,0,53,0,37.1,0.296471,0
expanded_validation_v1_20260715_r7_orthogonal_0228,frozen_benchmark_370,strict_negative,development,0,PGR,ATP5HP3,ENSG00000213954,0,53,0,37.1,0.296471,0
expanded_validation_v1_20260715_r7_orthogonal_0229,frozen_benchmark_370,strict_negative,development,0,PGR,C1ORF158,ENSG00000157330,0,53,0,37.1,0.296471,0
expanded_validation_v1_20260715_r7_orthogonal_0230,frozen_benchmark_370,strict_negative,development,0,PGR,C1QTNF3-AMACR,ENSG00000273294,0,60,0,42,0.411765,1
expanded_validation_v1_20260715_r7_orthogonal_0231,frozen_benchmark_370,strict_negative,development,0,PGR,CCR8,ENSG00000179934,0,53,0,37.1,0.296471,0
expanded_validation_v1_20260715_r7_orthogonal_0232,frozen_benchmark_370,strict_negative,development,0,PGR,COPS8P2,ENSG00000214552,0,47,0,32.9,0.197647,0
expanded_validation_v1_20260715_r7_orthogonal_0233,frozen_benchmark_370,strict_negative,development,0,PGR,CRYZP1,ENSG00000233025,0,60,0,42,0.411765,1
expanded_validation_v1_20260715_r7_orthogonal_0234,frozen_benchmark_370,strict_negative,development,0,PGR,CYP2AC1P,ENSG00000216998,0,53,0,37.1,0.296471,0
expanded_validation_v1_20260715_r7_orthogonal_0235,frozen_benchmark_370,strict_negative,development,0,PGR,EPYC,ENSG00000083782,0,47,0,32.9,0.197647,0
expanded_validation_v1_20260715_r7_orthogonal_0236,frozen_benchmark_370,strict_negative,test,0,PGR,FAM110D,ENSG00000197245,0,41,0,28.7,0.098824,0
expanded_validation_v1_20260715_r7_orthogonal_0237,frozen_benchmark_370,strict_negative,development,0,PGR,FAM90A27P,ENSG00000189348,0,60,0,42,0.411765,1
expanded_validation_v1_20260715_r7_orthogonal_0238,frozen_benchmark_370,strict_negative,development,0,PGR,GLT6D1,ENSG00000204007,0,41,0,28.7,0.098824,0
expanded_validation_v1_20260715_r7_orthogonal_0239,frozen_benchmark_370,strict_negative,development,0,PGR,GMFBP1,ENSG00000243495,0,47,0,32.9,0.197647,0
expanded_validation_v1_20260715_r7_orthogonal_0240,frozen_benchmark_370,strict_negative,development,0,PGR,GRXCR2,ENSG00000204928,0,53,0,37.1,0.296471,0
expanded_validation_v1_20260715_r7_orthogonal_0241,frozen_benchmark_370,strict_negative,development,0,PGR,HSPA8P19,ENSG00000251614,0,60,0,42,0.411765,1
expanded_validation_v1_20260715_r7_orthogonal_0242,frozen_benchmark_370,strict_negative,test,0,PGR,HSPD1P3,ENSG00000255128,0,53,0,37.1,0.296471,0
expanded_validation_v1_20260715_r7_orthogonal_0243,frozen_benchmark_370,strict_negative,development,0,PGR,IFITM4P,ENSG00000235821,0,41,0,28.7,0.098824,0
expanded_validation_v1_20260715_r7_orthogonal_0244,frozen_benchmark_370,strict_negative,test,0,PGR,KRT17P7,ENSG00000205215,0,59,0,41.3,0.395294,0
expanded_validation_v1_20260715_r7_orthogonal_0245,frozen_benchmark_370,strict_negative,development,0,PGR,MED15P9,ENSG00000223760,0,41,0,28.7,0.098824,0
expanded_validation_v1_20260715_r7_orthogonal_0246,frozen_benchmark_370,strict_negative,development,0,PGR,MTATP6P29,ENSG00000232179,0,47,0,32.9,0.197647,0
expanded_validation_v1_20260715_r7_orthogonal_0247,frozen_benchmark_370,strict_negative,development,0,PGR,MTCO3P24,ENSG00000262158,0,41,0,28.7,0.098824,0
expanded_validation_v1_20260715_r7_orthogonal_0248,frozen_benchmark_370,strict_negative,development,0,PGR,MTCYBP31,ENSG00000226579,0,35,0,24.5,0,0
expanded_validation_v1_20260715_r7_orthogonal_0249,frozen_benchmark_370,strict_negative,test,0,PGR,MTND2P26,ENSG00000254565,0,47,0,32.9,0.197647,0
expanded_validation_v1_20260715_r7_orthogonal_0250,frozen_benchmark_370,strict_negative,development,0,PGR,NPM1P2,ENSG00000266227,0,35,0,24.5,0,0
expanded_validation_v1_20260715_r7_orthogonal_0275,frozen_benchmark_370,strict_negative,development,0,PPARG,AACSP1,ENSG00000250420,16,41,0,30.3,0.136471,0
expanded_validation_v1_20260715_r7_orthogonal_0276,frozen_benchmark_370,strict_negative,development,0,PPARG,ABCA9-AS1,ENSG00000231749,8,35,35,32.3,0.183529,0
expanded_validation_v1_20260715_r7_orthogonal_0277,frozen_benchmark_370,strict_negative,development,0,PPARG,ATP5C1P1,ENSG00000224004,7,35,0,25.2,0.016471,0
expanded_validation_v1_20260715_r7_orthogonal_0278,frozen_benchmark_370,strict_negative,development,0,PPARG,BNIP3P17,ENSG00000271524,7,41,0,29.4,0.115294,0
expanded_validation_v1_20260715_r7_orthogonal_0279,frozen_benchmark_370,strict_negative,development,0,PPARG,BPESC1,ENSG00000232416,7,60,0,42.7,0.428235,1
expanded_validation_v1_20260715_r7_orthogonal_0280,frozen_benchmark_370,strict_negative,development,0,PPARG,BZW1P1,ENSG00000236686,7,41,0,29.4,0.115294,0
expanded_validation_v1_20260715_r7_orthogonal_0281,frozen_benchmark_370,strict_negative,development,0,PPARG,C12ORF40,ENSG00000180116,6,47,0,33.5,0.211765,0
expanded_validation_v1_20260715_r7_orthogonal_0282,frozen_benchmark_370,strict_negative,development,0,PPARG,C21ORF33,ENSG00000160221,7,47,0,33.6,0.214118,0
expanded_validation_v1_20260715_r7_orthogonal_0283,frozen_benchmark_370,strict_negative,development,0,PPARG,CCDC148-AS1,ENSG00000227480,9,53,0,38,0.317647,0
expanded_validation_v1_20260715_r7_orthogonal_0284,frozen_benchmark_370,strict_negative,development,0,PPARG,CCDC158,ENSG00000163749,2,35,0,24.7,0.004706,0
expanded_validation_v1_20260715_r7_orthogonal_0285,frozen_benchmark_370,strict_negative,development,0,PPARG,CHCHD3P3,ENSG00000214973,30,35,0,27.5,0.070588,0
expanded_validation_v1_20260715_r7_orthogonal_0286,frozen_benchmark_370,strict_negative,development,0,PPARG,COX6CP12,ENSG00000234463,6,47,0,33.5,0.211765,0
expanded_validation_v1_20260715_r7_orthogonal_0287,frozen_benchmark_370,strict_negative,development,0,PPARG,CRYGGP,ENSG00000223710,3,41,0,29,0.105882,0
expanded_validation_v1_20260715_r7_orthogonal_0288,frozen_benchmark_370,strict_negative,development,0,PPARG,CTAGE7P,ENSG00000233122,1,53,0,37.2,0.298824,0
expanded_validation_v1_20260715_r7_orthogonal_0289,frozen_benchmark_370,strict_negative,development,0,PPARG,DUXA,ENSG00000258873,7,35,0,25.2,0.016471,0
expanded_validation_v1_20260715_r7_orthogonal_0290,frozen_benchmark_370,strict_negative,development,0,PPARG,EIF4EP5,ENSG00000214366,3,53,0,37.4,0.303529,0
expanded_validation_v1_20260715_r7_orthogonal_0291,frozen_benchmark_370,strict_negative,development,0,PPARG,FTH1P2,ENSG00000234975,7,41,0,29.4,0.115294,0
expanded_validation_v1_20260715_r7_orthogonal_0292,frozen_benchmark_370,strict_negative,development,0,PPARG,GK-IT1,ENSG00000229331,35,47,0,36.4,0.28,0
expanded_validation_v1_20260715_r7_orthogonal_0293,frozen_benchmark_370,strict_negative,development,0,PPARG,GLULP4,ENSG00000178723,7,41,0,29.4,0.115294,0
expanded_validation_v1_20260715_r7_orthogonal_0294,frozen_benchmark_370,strict_negative,test,0,PPARG,GM2AP1,ENSG00000241695,8,35,0,25.3,0.018824,0
expanded_validation_v1_20260715_r7_orthogonal_0295,frozen_benchmark_370,strict_negative,development,0,PPARG,GOLGA6L2,ENSG00000174450,12,53,0,38.3,0.324706,0
expanded_validation_v1_20260715_r7_orthogonal_0296,frozen_benchmark_370,strict_negative,development,0,PPARG,GYPE,ENSG00000197465,3,35,0,24.8,0.007059,0
expanded_validation_v1_20260715_r7_orthogonal_0297,frozen_benchmark_370,strict_negative,development,0,PPARG,HCP5B,ENSG00000281831,7,47,0,33.6,0.214118,0
expanded_validation_v1_20260715_r7_orthogonal_0298,frozen_benchmark_370,strict_negative,test,0,PPARG,HMGB3P13,ENSG00000214288,9,53,0,38,0.317647,0
expanded_validation_v1_20260715_r7_orthogonal_0331,frozen_benchmark_370,strict_negative,development,0,RARA,ART2P,ENSG00000238048,7,47,0,33.6,0.214118,0
expanded_validation_v1_20260715_r7_orthogonal_0332,frozen_benchmark_370,strict_negative,development,0,RARA,ATG9B,ENSG00000181652,45,41,0,33.2,0.204706,0
expanded_validation_v1_20260715_r7_orthogonal_0333,frozen_benchmark_370,strict_negative,development,0,RARA,ATP1B3-AS1,ENSG00000244124,7,53,0,37.8,0.312941,0
expanded_validation_v1_20260715_r7_orthogonal_0334,frozen_benchmark_370,strict_negative,development,0,RARA,C19ORF84,ENSG00000262874,2,41,0,28.9,0.103529,0
expanded_validation_v1_20260715_r7_orthogonal_0335,frozen_benchmark_370,strict_negative,development,0,RARA,C2ORF40,ENSG00000119147,31,47,0,36,0.270588,0
expanded_validation_v1_20260715_r7_orthogonal_0336,frozen_benchmark_370,strict_negative,test,0,RARA,CASP12,ENSG00000204403,7,41,0,29.4,0.115294,0
expanded_validation_v1_20260715_r7_orthogonal_0337,frozen_benchmark_370,strict_negative,development,0,RARA,CBX1P2,ENSG00000214322,6,53,0,37.7,0.310588,0
expanded_validation_v1_20260715_r7_orthogonal_0338,frozen_benchmark_370,strict_negative,test,0,RARA,CCNYL2,ENSG00000182632,7,47,0,33.6,0.214118,0
expanded_validation_v1_20260715_r7_orthogonal_0339,frozen_benchmark_370,strict_negative,development,0,RARA,CXCL1P1,ENSG00000250339,7,47,0,33.6,0.214118,0
expanded_validation_v1_20260715_r7_orthogonal_0340,frozen_benchmark_370,strict_negative,development,0,RARA,DKFZP434A062,ENSG00000262075,38,41,0,32.5,0.188235,0
expanded_validation_v1_20260715_r7_orthogonal_0341,frozen_benchmark_370,strict_negative,development,0,RARA,ENPP7P12,ENSG00000254527,3,53,0,37.4,0.303529,0
expanded_validation_v1_20260715_r7_orthogonal_0342,frozen_benchmark_370,strict_negative,development,0,RARA,FABP5P11,ENSG00000240122,3,41,0,29,0.105882,0
expanded_validation_v1_20260715_r7_orthogonal_0343,frozen_benchmark_370,strict_negative,development,0,RARA,FAM13A-AS1,ENSG00000248019,7,53,0,37.8,0.312941,0
expanded_validation_v1_20260715_r7_orthogonal_0344,frozen_benchmark_370,strict_negative,test,0,RARA,FBXO39,ENSG00000177294,2,41,0,28.9,0.103529,0
expanded_validation_v1_20260715_r7_orthogonal_0345,frozen_benchmark_370,strict_negative,development,0,RARA,FLJ37505,ENSG00000256597,0,35,0,24.5,0,0
expanded_validation_v1_20260715_r7_orthogonal_0346,frozen_benchmark_370,strict_negative,development,0,RARA,FLJ45079,ENSG00000204283,0,35,0,24.5,0,0
expanded_validation_v1_20260715_r7_orthogonal_0323,frozen_benchmark_370,strict_negative,development,0,RARA,RN7SL704P,ENSG00000241693,32,60,0,45.2,0.487059,1
expanded_validation_v1_20260715_r7_orthogonal_0324,frozen_benchmark_370,strict_negative,development,0,RARA,RNU6-373P,ENSG00000223179,22,41,0,30.9,0.150588,0
expanded_validation_v1_20260715_r7_orthogonal_0325,frozen_benchmark_370,strict_negative,test,0,RARA,RNU6-573P,ENSG00000206665,3,41,0,29,0.105882,0
expanded_validation_v1_20260715_r7_orthogonal_0326,frozen_benchmark_370,strict_negative,test,0,RARA,RPTN,ENSG00000215853,7,41,0,29.4,0.115294,0
expanded_validation_v1_20260715_r7_orthogonal_0327,frozen_benchmark_370,strict_negative,development,0,RARA,SAGE4P,ENSG00000224539,8,47,0,33.7,0.216471,0
expanded_validation_v1_20260715_r7_orthogonal_0328,frozen_benchmark_370,strict_negative,development,0,RARA,SMPD4P2,ENSG00000229147,6,41,0,29.3,0.112941,0
expanded_validation_v1_20260715_r7_orthogonal_0329,frozen_benchmark_370,strict_negative,test,0,RARA,THEMIS,ENSG00000172673,2,35,0,24.7,0.004706,0
expanded_validation_v1_20260715_r7_orthogonal_0330,frozen_benchmark_370,strict_negative,test,0,RARA,UQCRHP4,ENSG00000242728,4,35,0,24.9,0.009412,0
calib45ext_v1_20260910_0001,calib45_extension,calib45ext_GTRD_positive,development,1,AR,ZSWIM6,ENSG00000130449,100,60,0,52,0.647059,1
calib45ext_v1_20260910_0002,calib45_extension,calib45ext_GTRD_positive,development,1,AR,STC2,ENSG00000113739,100,60,60,64,0.929412,1
calib45ext_v1_20260910_0003,calib45_extension,calib45ext_GTRD_positive,development,1,AR,ANKRD13D,ENSG00000172932,100,60,0,52,0.647059,1
calib45ext_v1_20260910_0004,calib45_extension,calib45ext_GTRD_positive,development,1,ESR1,NOL3,ENSG00000140939,100,60,35,59,0.811765,1
calib45ext_v1_20260910_0005,calib45_extension,calib45ext_GTRD_positive,development,1,ESR1,SYT5,ENSG00000129990,100,60,0,52,0.647059,1
calib45ext_v1_20260910_0006,calib45_extension,calib45ext_GTRD_positive,test,1,ESR1,HNRNPH3,ENSG00000096746,100,60,0,52,0.647059,1
calib45ext_v1_20260910_0007,calib45_extension,calib45ext_GTRD_positive,development,1,PGR,SLBP,ENSG00000163950,0,60,0,42,0.411765,1
calib45ext_v1_20260910_0008,calib45_extension,calib45ext_GTRD_positive,test,1,PGR,NFIB,ENSG00000147862,0,60,35,49,0.576471,1
calib45ext_v1_20260910_0009,calib45_extension,calib45ext_GTRD_positive,development,1,PGR,LIMD1,ENSG00000144791,0,60,0,42,0.411765,1
calib45ext_v1_20260910_0010,calib45_extension,calib45ext_GTRD_positive,development,1,NR3C1,CEP57L1,ENSG00000183137,11,60,0,43.1,0.437647,1
calib45ext_v1_20260910_0011,calib45_extension,calib45ext_GTRD_positive,test,1,NR3C1,PABPN1,ENSG00000100836,20,35,0,26.5,0.047059,0
calib45ext_v1_20260910_0012,calib45_extension,calib45ext_GTRD_positive,development,1,NR3C1,MPV17L2,ENSG00000254858,7,41,0,29.4,0.115294,0
calib45ext_v1_20260910_0013,calib45_extension,calib45ext_GTRD_positive,development,1,PPARG,EXD1,ENSG00000178997,100,60,0,52,0.647059,1
calib45ext_v1_20260910_0014,calib45_extension,calib45ext_GTRD_positive,test,1,PPARG,DCAF6,ENSG00000143164,100,60,0,52,0.647059,1
calib45ext_v1_20260910_0015,calib45_extension,calib45ext_GTRD_positive,development,1,PPARG,EIF4E,ENSG00000151247,7,60,50,52.7,0.663529,1
calib45ext_v1_20260910_0016,calib45_extension,calib45ext_GTRD_positive,development,1,HNF4A,SLC40A1,ENSG00000138449,94,60,0,51.4,0.632941,1
calib45ext_v1_20260910_0017,calib45_extension,calib45ext_GTRD_positive,development,1,HNF4A,MSL2,ENSG00000174579,100,60,0,52,0.647059,1
calib45ext_v1_20260910_0018,calib45_extension,calib45ext_GTRD_positive,test,1,HNF4A,NAB1,ENSG00000138386,2,60,0,42.2,0.416471,1
calib45ext_v1_20260910_0019,calib45_extension,calib45ext_GTRD_positive,development,1,RARA,DNAJB5,ENSG00000137094,93,60,0,51.3,0.630588,1
calib45ext_v1_20260910_0020,calib45_extension,calib45ext_GTRD_positive,development,1,RARA,ITPK1,ENSG00000100605,100,60,0,52,0.647059,1
calib45ext_v1_20260910_0021,calib45_extension,calib45ext_GTRD_positive,development,1,GATA3,ECT2,ENSG00000114346,100,60,0,52,0.647059,1
calib45ext_v1_20260910_0022,calib45_extension,calib45ext_GTRD_positive,development,1,GATA3,AIG1,ENSG00000146416,100,60,0,52,0.647059,1
calib45ext_v1_20260910_0023,calib45_extension,calib45ext_strict_negative,development,0,AR,ACTG1P15,ENSG00000259904,26,35,0,27.1,0.061176,0
calib45ext_v1_20260910_0024,calib45_extension,calib45ext_strict_negative,development,0,AR,AOAH-IT1,ENSG00000230539,100,53,0,47.1,0.531765,1
calib45ext_v1_20260910_0025,calib45_extension,calib45ext_strict_negative,development,0,AR,CICP11,ENSG00000237799,21,59,0,43.4,0.444706,1
calib45ext_v1_20260910_0026,calib45_extension,calib45ext_strict_negative,development,0,ESR1,ACTN4P2,ENSG00000214141,40,60,0,46,0.505882,1
calib45ext_v1_20260910_0027,calib45_extension,calib45ext_strict_negative,development,0,ESR1,DPPA2P2,ENSG00000224129,3,60,0,42.3,0.418824,1
calib45ext_v1_20260910_0028,calib45_extension,calib45ext_strict_negative,development,0,ESR1,EIF3LP3,ENSG00000226086,20,47,0,34.9,0.244706,0
calib45ext_v1_20260910_0029,calib45_extension,calib45ext_strict_negative,development,0,PGR,EDDM3A,ENSG00000181562,0,35,0,24.5,0,0
calib45ext_v1_20260910_0030,calib45_extension,calib45ext_strict_negative,development,0,PGR,EEF1A1P24,ENSG00000223668,0,60,0,42,0.411765,1
calib45ext_v1_20260910_0031,calib45_extension,calib45ext_strict_negative,development,0,PGR,HMGA1P1,ENSG00000236683,0,35,0,24.5,0,0
calib45ext_v1_20260910_0032,calib45_extension,calib45ext_strict_negative,development,0,NR3C1,GABRR3,ENSG00000183185,3,60,0,42.3,0.418824,1
calib45ext_v1_20260910_0033,calib45_extension,calib45ext_strict_negative,development,0,NR3C1,GEMIN2P1,ENSG00000235015,3,35,0,24.8,0.007059,0
calib45ext_v1_20260910_0034,calib45_extension,calib45ext_strict_negative,development,0,NR3C1,GGTLC1,ENSG00000149435,3,47,0,33.2,0.204706,0
calib45ext_v1_20260910_0035,calib45_extension,calib45ext_strict_negative,development,0,PPARG,ATP5G1P7,ENSG00000232734,0,35,0,24.5,0,0
calib45ext_v1_20260910_0036,calib45_extension,calib45ext_strict_negative,development,0,PPARG,C3ORF67-AS1,ENSG00000242428,7,47,0,33.6,0.214118,0
calib45ext_v1_20260910_0037,calib45_extension,calib45ext_strict_negative,development,0,PPARG,C8ORF88,ENSG00000253250,6,35,0,25.1,0.014118,0
calib45ext_v1_20260910_0038,calib45_extension,calib45ext_strict_negative,test,0,HNF4A,ADCY5,ENSG00000173175,97,60,0,51.7,0.64,1
calib45ext_v1_20260910_0039,calib45_extension,calib45ext_strict_negative,test,0,HNF4A,ADGRF5P2,ENSG00000204818,20,60,0,44,0.458824,1
calib45ext_v1_20260910_0040,calib45_extension,calib45ext_strict_negative,development,0,HNF4A,BCRP5,ENSG00000235062,10,35,0,25.5,0.023529,0
calib45ext_v1_20260910_0041,calib45_extension,calib45ext_strict_negative,development,0,RARA,AICDA,ENSG00000111732,5,60,0,42.5,0.423529,1
calib45ext_v1_20260910_0042,calib45_extension,calib45ext_strict_negative,development,0,RARA,ARHGAP42P1,ENSG00000227817,7,47,0,33.6,0.214118,0
calib45ext_v1_20260910_0043,calib45_extension,calib45ext_strict_negative,development,0,RARA,ATP5G1P4,ENSG00000227440,0,47,0,32.9,0.197647,0
calib45ext_v1_20260910_0044,calib45_extension,calib45ext_strict_negative,development,0,GATA3,RNU4-78P,ENSG00000222872,11,59,0,42.4,0.421176,1
calib45ext_v1_20260910_0045,calib45_extension,calib45ext_strict_negative,development,0,GATA3,SERPINA2,ENSG00000258597,38,60,0,45.8,0.501176,1
