"Cell_0","Cell_1","Cell_2","Cell_3","Cell_4","Cell_5","Cell_6","Cell_7","Cell_8","Cell_9","Cell_10","Cell_11","Cell_12","Cell_13","Cell_14","Cell_15","Cell_16","Cell_17","Cell_18","Cell_19","Cell_20","Cell_21","Cell_22","Cell_23","Cell_24","Cell_25","Cell_26","Cell_27","Cell_28","Cell_29","Cell_30","Cell_31","Cell_32","Cell_33","Cell_34","Cell_35","Cell_36","Cell_37","Cell_38","Cell_39","Cell_40","Cell_41","Cell_42","Cell_43","Cell_44","Cell_45","Cell_46","Cell_47","Cell_48","Cell_49","gene"
117.071451033881,20.2070821795059,5.79227352435634,129.669587363959,50.2385028499258,48.3812033010662,45.3743585626652,24.9418680813862,149.83974404327,18.6977927024664,126.657557595423,158.247883516241,116.133076416558,18.04307507319,126.469831204194,94.3743961622471,5.92004887504253,5.9684524090801,16.5389391592083,41.2130060271272,41.4429253409294,85.0710832316411,123.048523637296,5.10936340594782,113.328361080703,39.5763237555371,143.980484844863,144.296062101901,141.477273266612,131.979641181059,78.150791171978,41.0751539647644,81.557479409389,125.240974552555,48.5866582041214,0.875544007637376,133.925525531554,33.1467171469515,127.806894464588,71.321423525956,72.8442638408093,50.3115096224555,27.7027528110565,44.550276232077,157.278065566886,63.6583672237752,20.8559619568708,18.5775973685377,68.8803412743496,17.0849862651968,"1"
65.3589082459091,63.5079725641615,148.668353791813,45.9675256792872,7.8946218764169,145.143609903198,93.1368412602076,97.6295979185687,24.707617368837,69.0380038244912,14.6424922075634,118.05794484545,62.6617318794377,131.222364168655,132.332671061342,80.3930041382105,108.780898078906,41.7791668635607,129.435176028587,12.7385654992939,7.7266470974614,111.449713691065,46.3429504607997,167.75743182862,58.64544559421,15.8305295022148,46.4199377368683,21.7313346539008,76.6664553455944,67.414061322699,84.724222205135,118.824552540926,66.5337332023963,34.2325330443649,64.3259981857383,78.7989606873638,36.5879013050122,141.702215803218,48.8251057505169,118.20865565876,145.688527681619,116.92111391134,12.7858859127953,125.550778472217,130.661777547874,31.8291836118876,109.092724082093,150.23622219774,44.0266098866977,29.1868515363778,"2"
84.7511117913987,70.0031061218599,66.6111455300979,111.831443070505,126.31395002267,110.808562399216,44.5783171843728,124.709340406931,66.1526529552733,140.952591141669,144.960672854877,11.7220654456475,48.4584059867652,6.56111820843274,67.0038840816923,89.1313741532334,50.3204154378615,13.6421769350402,38.830552808576,108.652470435154,128.543310803222,52.7572609188472,43.146884911779,142.210614798881,100.648264736009,79.944173986185,129.03169133638,101.702646180256,28.4535298189835,63.6160860369131,25.5633429067218,46.20954821036,135.929132348982,119.396395740102,93.7517207600653,58.6614485117042,131.854512250138,123.471521372394,78.2637724530344,98.3971491237726,85.4036196754316,65.1923786657169,39.7783117286966,28.350175784049,104.852043711257,93.2669101185544,18.4495048080011,155.890273570773,8.52127933290923,19.9324839760629,"3"
28.0109606768182,115.469041025748,38.6151568290423,119.378350271582,77.5108329684569,118.611982286485,12.736662052678,69.8372306278813,77.3109317670061,109.310172722111,87.1228286350021,113.034202511601,53.4713445371202,115.639708423627,1.67509710204231,152.047638261398,136.161124125978,24.7264456947604,125.120670160967,102.657851376662,134.865112973872,44.8436717810201,156.607211902013,139.655933095907,68.9480238742739,22.1627413031008,59.0083954282224,96.4871258633194,31.6150331322039,110.14128328779,0,134.96122016994,131.636633432698,55.9409686334744,87.5928485933457,170.731081489288,31.0651992212367,106.898162798919,19.3864390479993,105.661368186601,63.6340695620863,115.503888288172,91.6321823750331,125.550778472217,40.3277091197143,28.8683293224097,76.2044763808741,157.505716820211,29.1143710541065,98.2386710248814,"4"
142.927722427867,97.4270033654751,0,104.970618342253,58.8508176241987,97.5427485908592,3.18416551316949,19.9534944651089,73.3258321913872,56.0933781073991,44.6596012330683,11.7220654456475,50.9648752619427,118.920267527843,16.7509710204231,18.350577031548,138.381142454119,105.726871246562,12.2244332915888,145.369512168412,95.5294550231592,129.255289251176,25.5685243921653,27.2499381650551,133.141011619288,95.7747034883998,110.149004799349,36.5086422185533,52.9551804964415,128.181665895273,113.209090015482,79.2163683606171,38.6324902465527,115.22169658835,132.073592019654,162.851185420552,121.499445843059,42.2620643623631,130.678959508736,52.1703005421345,85.4036196754316,121.172790780843,117.914281195779,76.950477128133,90.33406842816,97.7081915527713,92.2475240400054,24.2316487415709,44.7367164977735,40.5768423798423,"5"
11.4916761751049,62.0646095513397,4.82689460363028,102.912370923777,101.194698597708,45.2598353461587,119.406206743856,39.9069889302179,0.797019915123774,12.9446257170921,132.514554478449,134.803752624946,12.5323463758875,47.5681070111373,14.2383253673596,6.9906960120183,62.1605131879465,15.3474490519202,94.2000447763604,44.9596429386842,49.8719949017963,112.768645214036,99.0780320196407,45.9842706535304,109.365830972986,26.1203736786545,145.554042056282,126.91099437878,116.185246760849,114.888752395022,45.2836360061929,146.696978445587,86.5653948117199,86.8337423564379,32.8473182225046,21.013056183297,16.5681062513263,139.216212017196,78.9817887140714,59.4345196049633,90.4273620092805,74.4043452163074,84.5289124234802,150.66093416666,10.4852043711257,127.31673444755,133.959447953747,133.27406807864,17.7526652768942,10.678116415748,"6"
73.9776653772378,134.232760192432,83.0225871824409,18.5242267662799,45.2146525649332,38.2367574476168,38.2099861580339,97.6295979185687,90.8602703241103,25.1701055610124,79.0694579208422,38.5153578928417,59.3197728458677,96.7764935743829,52.7655587143327,16.6029030285435,83.6206903599757,119.369048181602,17.9771077817482,8.99192858773684,116.602128925327,91.0062750850115,2.3970491617655,19.5858930561333,152.161156136329,47.4915885066445,33.0447014398046,90.4023521602272,98.006602709832,116.787740037915,39.4405861989422,74.8154590072495,10.7312472907091,35.0674728747153,66.3789555746448,0,68.3434382867208,55.5207512211437,143.603252207403,132.076710233252,97.1256851210791,51.7287352456232,76.7153154767719,144.180893987449,150.825632107731,148.042714473896,113.905638379833,136.504954577516,129.949509826866,88.27242903685,"7"
28.0109606768182,34.6407123077245,72.4034190544543,37.734536005385,10.0477005699851,115.490614331577,149.655779118966,98.342222720894,11.9552987268566,137.356861775811,58.5699688302535,11.7220654456475,10.02587710071,122.20082663206,102.180923224581,111.851136192293,99.9008247663427,34.1054423376006,10.067180357779,97.4125597004825,14.0484492681116,30.9948907898227,13.5832785833378,129.437206284012,13.4726023662374,136.142553719048,47.206716342578,89.5330987740711,23.7112748491529,137.676604109737,46.0140172320992,108.555764049735,108.743305879185,8.34939830350365,108.122422482411,17.5108801527475,73.8661403704962,139.216212017196,106.984422894515,95.0952313679413,111.359621733651,56.6890249267104,46.8815816802495,42.1202611648728,137.920765189423,135.459083743615,64.1721906365255,49.2710191078609,47.5771429420765,71.8993171993697,"8"
23.7015821111539,123.407537596268,159.287521919799,52.1422679347138,83.9700690491616,62.4273590981499,152.839944632135,12.8272464418557,1.59403983024755,84.1400671610986,116.407813050129,120.569816012374,20.8872439598126,14.7625159689737,114.744151489898,47.1871980811235,95.4607881100608,57.1266159154809,23.7297822719076,66.6901370257149,11.9411818778949,40.8868772121066,75.1075404019857,61.3123608713739,31.7002408617351,88.6509652124031,109.362226193639,156.465609508085,60.8589387794924,148.121036145648,121.973664726358,99.0204604507714,1.43083297209454,141.939771159562,96.4889972786074,66.5413445804406,116.667081519756,21.5453661455185,24.4125528752584,44.2456979281394,24.2814212802698,19.1325459127648,134.962129079506,114.210708158597,31.4556131133771,51.0747364934941,57.754971572873,124.389130206731,37.6356503870158,130.273020272125,"9"
62.4859892021329,37.5274383333682,168.94131112706,111.145360597679,48.0854241563575,100.664116545767,99.5051722865465,45.6079873488204,10.3612588966091,16.540355082951,118.604186881263,90.4273620092805,58.4842830874752,9.02153753659501,0,74.2761451276945,145.781203547922,28.1369899285205,117.210742736998,50.204934614864,28.7993209996289,124.639028920777,90.2888517598339,120.070040039774,142.651083877808,86.2763857870709,112.509340616477,1.73850677231206,22.1305231925427,18.0403826074828,128.547095759515,27.8724259046616,99.4428915605708,7.51445847315328,64.3259981857383,130.456057137969,97.3376242265418,30.6607133609301,78.9817887140714,21.1322736373203,8.37290388974819,55.2717993035426,66.0604105494425,8.10005022401401,73.39643059788,39.2313193355824,139.574514634443,50.886462357299,120.718123882881,18.5087351206298,"10"
64.6406784849651,143.614619775774,138.049185663826,71.3525771738189,113.395477861261,149.045319846833,31.0456137534025,42.7574881395191,32.6778165200747,32.3615642927302,76.8730840897077,5.02374233384892,37.5970391276626,154.186277898169,71.1916268367981,174.767400300458,77.7006414849332,145.800765993242,135.187850518746,47.2076250856184,47.7647275115796,26.3786304594236,143.023933318675,22.9921353267652,76.8730840897077,7.12373827599668,94.4134326851559,48.6781896247377,40.3091672435599,111.090777109236,65.0039291056639,57.211821593779,41.4941561907418,47.5915703299708,4.10591477781308,147.091393283079,33.8265502631244,84.5241287247263,60.3133659271091,46.8872321328044,14.2339366125719,139.596723882024,50.433216656026,72.0904469937246,132.274885912663,96.2277644080323,81.81954306157,139.735841076392,97.2846057173804,59.7974519281887,"11"
5.0276083266084,20.9287636859169,63.7150087679198,30.8737112771332,106.2185488827,52.2829132447005,7.16437240463135,19.2408696627836,121.147027098814,79.8251919220679,64.4269657132788,155.736012349316,66.8391806714002,91.0355151420042,129.820025408279,113.598810195297,21.4601771720292,83.5583337271213,105.705393756679,35.9677143509474,45.6574601213629,7.25412337634149,144.621966093185,94.5232230100348,0,105.273021189729,107.78866898222,152.119342577305,145.429152408138,179.454332253382,137.311670470391,125.425916570977,35.7708243023636,77.6494042225839,75.2751042599065,14.8842481298354,117.357419280228,69.6081060085981,114.164585504885,52.8306840933007,141.502075736744,21.9669971591003,130.700167108574,61.5603817025064,104.045489528863,58.4768722171889,136.365905102617,84.0030489707792,58.9388487192889,73.3230660548028,"12"
127.844897448042,54.1261129808195,136.118427822374,21.9546391304058,35.166951994948,83.4965927937755,135.327034309703,69.1246058255559,137.884445316413,137.356861775811,32.2134828566394,131.454591069047,121.146014966913,63.1507627561651,86.2675007551788,122.33718021032,0,65.652976499881,52.4931547227047,39.7143512625044,77.2664709746141,97.6009326998674,123.847540024551,142.210614798881,64.985493766557,94.1916505381783,88.9059824451885,98.2256326356314,135.944642468477,51.2726663581091,94.9495593678237,88.7516719595802,134.498299376887,35.9024127050657,114.965613778766,18.3864241603849,49.7043187539788,108.555498656266,121.344748115255,106.982135288934,132.291881458021,60.2320889846298,16.3375208885718,155.520964301069,48.3932509436571,127.31673444755,63.3700382535689,46.0401326089848,35.5053305537885,26.3393538255117,"13"
4.30937856566434,7.93849657052019,59.8534930850155,83.015979211847,111.960092065549,152.947029790467,14.3287448092627,82.664477069737,84.4841110031201,115.782485580657,107.622317725591,41.0272290597661,152.894625785828,145.984880137628,82.079758000073,110.103462189288,75.4806231567922,52.8634356232808,26.6061195169873,125.137672846004,123.626353559382,0.65946576148559,153.411146352992,167.75743182862,21.3976625816712,157.513768547038,84.9720894166403,48.6781896247377,35.5669122737293,169.009900217471,96.4103218196364,86.5512172828964,8.58499783256727,118.561455909752,43.1121051670373,27.1418642367587,80.0791802147436,28.1747095749088,84.7259188023675,112.265203698264,113.034202511601,101.331632056495,107.969703263605,65.6104068145134,155.664957202097,83.6441336777512,125.135771741225,148.620778948302,91.6037528287743,77.594312621102,"14"
100.552166532168,82.2716917308456,38.6151568290423,130.355669836785,86.8408406405859,89.7393287035904,52.5387309672966,136.823962046461,50.2122546527978,117.220777327001,51.2487227264718,164.108916239065,166.262461920108,109.078590215194,103.856020326623,139.813920240366,45.1403726721993,59.684524090801,80.5374428622318,14.2372202639167,127.840888339816,48.1410005884481,47.94098323531,58.7576791684,67.3630118311871,64.1136444839701,108.575447587929,17.3850677231206,27.6631539906784,36.0807652149657,43.0924923284738,71.8815194383377,126.628718030367,32.5626533836642,123.177443334392,47.2793764124183,11.0454041675508,87.8388004394214,74.6736911478494,55.4722182979658,115.546073678525,84.3249245784817,75.2946614864613,12.150075336021,41.9408174845028,79.2028522435343,79.4130859127003,159.121160069649,105.80588505029,126.713648133543,"15"
3.59114880472028,140.727893750131,141.91070134673,66.5499998640426,87.558533538442,0.780341988726873,71.6437240463135,54.1594849767243,153.027823703765,71.1954414440065,78.337333310464,114.70878328955,159.578543852968,154.186277898169,116.41924859194,134.570898231352,41.4403421252977,105.726871246562,40.2687214311159,51.7035893794868,77.9688934380196,81.7737544242132,5.59311471078617,84.3044961981391,68.1555178527305,135.351027243937,136.112698787766,89.5330987740711,146.219528236443,39.8787405007515,86.915365882854,23.4715165512939,113.751221281516,113.55181692765,4.10591477781308,87.5544007637376,104.241001831261,119.328181729025,121.344748115255,3.96230130699755,17.5830981684712,116.212501099756,77.4256424719272,27.5401707616476,95.1733935225257,34.0498243289961,9.62582859547883,53.3096272314561,68.8803412743496,59.0855775004721,"16"
38.7844070909791,83.7150547436675,80.1264504202627,59.0030926629656,139.23242218408,75.6931729065067,56.5189378587584,136.823962046461,85.2811309182439,46.0253358829941,14.6424922075634,100.474846676978,3.34195903357001,156.646697226332,115.581700040919,11.3598810195297,65.8605437348481,48.6002553310808,119.367995670808,12.7385654992939,139.782070217711,109.471316406608,7.99016387255167,164.351189557988,5.54754215080365,49.8661679319768,40.1257088911913,4.34626693078015,125.66975670051,37.0302590364121,44.5532547802865,23.4715165512939,86.5653948117199,142.774710989912,19.8452547594299,126.078337099782,37.968576825956,98.6114835121807,128.524910725625,42.9249308258068,164.108916239065,66.6096042888847,29.8337337965224,125.550778472217,125.015898271114,141.380792322571,146.793886081052,23.4239271168519,141.311215604078,29.1868515363778,"17"
56.7401511145805,19.485400673095,142.876080267456,4.11649483695109,56.6977389306305,114.71027234285,137.71515844458,68.4119810232306,80.4990114275012,131.603694790436,36.6062305189084,15.9085173905216,126.158953517268,144.34460058552,134.007768163385,54.1778940931419,19.2401588438882,151.769218402322,141.659609320176,57.6982084379781,122.923931095977,100.898261507295,23.970491617655,122.624721742748,158.501204308676,7.91526475110742,69.2365173024477,118.21846051722,86.1509652852555,160.464455824453,68.6558352351956,12.4692431678749,92.2887267000981,137.76507200781,59.5357642782897,2.62663202291213,73.8661403704962,103.583491084223,19.3864390479993,72.6421906282885,77.0307157856834,114.795275476589,83.1082584331696,146.610909054653,31.4556131133771,82.1637065330122,36.0968572330456,151.043943822459,94.4441792730773,118.171155000944,"18"
49.5578535051399,113.303996506515,132.25691213947,135.844329619386,88.2762264362981,92.8606966584979,88.3605929904533,133.260838034835,120.35000718369,48.9019193756812,60.0342180510098,51.9120041164388,18.3807746846351,58.2299240998405,96.3180833674326,54.1778940931419,142.081173001021,100.611054895922,104.267225134139,116.895071640579,120.114241242355,63.9681788641022,68.7154093039444,5.9609239736058,99.8557587144656,65.6966974341916,36.1918158626431,107.787419883348,42.6802947284752,85.4544439301818,48.2051609098182,63.8131856238304,50.7945705093563,126.910854213255,122.493124204757,61.2880805346163,98.0279619870137,1.65733585734757,94.7781464568857,31.6984104559804,17.5830981684712,43.2253815066167,130.700167108574,84.2405223297456,100.819272799286,105.110327276466,155.617562293574,49.2710191078609,124.978763549335,86.1368057537004,"19"
118.507910555769,131.346034166789,120.672365090757,78.2134019020707,2.87077159142433,17.9478657407181,59.7031033719279,39.9069889302179,82.0930512577488,127.288819551406,45.3917258434464,65.3086503400359,141.197769168333,121.380686856006,78.7295637959884,105.734277181777,104.340861422625,115.105867889402,63.2794193917535,80.9273572896316,133.460268047061,92.3252066079826,67.117376529434,76.6404510892174,141.858577856265,91.8170711128461,54.2877237939647,67.8017641201704,50.5840530115262,56.0201354653414,21.9114367771901,134.96122016994,35.0554078163163,66.7951864280292,20.5295738890654,166.353361451101,94.5762731846541,161.590246091388,126.370861942514,31.0380269048142,41.0272290597661,38.9737046371134,134.251802084351,99.6306177553723,56.4587927676,136.939510888354,120.322857443485,156.697995195492,95.1542858841531,108.204913012913,"20"
51.7125427879721,18.0420376602732,47.3035671155768,51.4561854618886,41.6261880756528,71.7914629628724,35.8218620231568,54.8721097790496,2.39105974537132,130.165403044093,99.5689470114309,26.7932924471942,58.4842830874752,9.02153753659501,10.888131163275,123.211017211823,54.7604520941434,151.769218402322,23.0106979606377,122.140363316759,134.865112973872,82.4332201856988,20.7744260686343,2.55468170297391,115.705879145333,56.9899062079734,94.4134326851559,106.048913111036,88.5220927701708,82.6059624658424,34.3279176175978,9.53530359896317,45.7866551070254,101.862659302744,19.8452547594299,14.008704122198,70.4144515681366,103.583491084223,12.9242926986662,97.0763820214401,134.803752624946,124.007242027179,9.23425093701884,30.7801908512532,30.6490589309828,106.590754421205,61.7657334876558,16.9621541190997,44.7367164977735,21.356232831496,"21"
101.988626054056,140.727893750131,102.330165596962,106.342783287903,109.089320474124,123.294034218846,45.3743585626652,141.099710860413,106.003648711462,69.7571496976629,84.1943301934894,94.6138139541546,63.4972216378302,123.020966408114,91.2927920613057,68.1592861171785,107.300885860146,134.716497233522,10.7862646690489,116.895071640579,132.757845583655,16.4866440371398,155.808195514758,45.1327100858725,126.80096344694,42.7424296559801,52.7141665825454,146.903822260369,15.8075165661019,37.9797528578586,44.5532547802865,32.2733352580292,100.873724532665,15.8638567766569,27.3727651854205,0,71.7951270890805,95.2968117974855,126.370861942514,100.378299777271,100.474846676978,52.4373480572071,5.68261596124236,47.7902963216826,58.8784553147828,133.238443026506,57.754971572873,144.582170824707,82.3723668847893,12.8137396988976,"22"
125.69020816521,42.5792088782447,64.6803876886458,109.773195652029,107.653934678412,131.877796094842,39.8020689146186,76.9634786511345,23.1135775385895,99.9612763708778,41.7311027915556,138.152914180845,31.7486108189151,55.7695047716783,30.1517478367615,15.7290660270412,11.1000916407047,35.8107144544806,56.0885762790543,113.897762111333,134.162690510466,95.6225354154106,58.3281962696272,95.3747835776927,24.5676866678447,94.1916505381783,138.473034604895,66.9325107340143,141.477273266612,97.7978636089858,50.3963045875372,93.8860662051758,98.7274750745236,105.202418624146,76.6437425191775,17.5108801527475,105.621677352205,8.28667928673787,78.9817887140714,124.152107619257,68.6578118959352,109.126372983917,45.4609276899389,4.8600301344084,18.5507461950686,42.9323871974298,137.97020986853,118.735078833698,106.515991661365,3.55937213858266,"23"
140.054803384091,124.129219102679,65.6457666093719,100.854123505302,7.17692897856082,152.16668780174,153.635986010428,31.355491302314,95.6423898148529,94.9272552586753,121.532685322776,94.6138139541546,59.3197728458677,37.7264296984882,124.794734102152,96.995907166754,119.880989719611,106.579507305002,16.5389391592083,89.9192858773684,62.5155992430968,68.5844391945014,67.9163929166892,69.8279665479536,135.518529683918,20.5796883528793,32.2579228340949,73.0172844371066,82.9894619720351,168.060406396024,92.0280344641984,53.5443971326393,120.905386141989,85.1638626957372,132.75791114929,122.576161069233,6.21303984424735,96.1254797261593,15.7963577428143,52.8306840933007,53.5865848943884,58.1062505498781,20.5994828595036,159.570989413076,83.0750807866114,96.9679779804018,0,135.697232952797,97.9947123284562,84.0011824705508,"24"
75.4141248991259,9.38185958334204,46.3381881948507,90.562886412924,66.0277466027595,124.074376207573,153.635986010428,90.5033498953155,127.523186419804,81.2634836684115,142.032174413365,10.8847750566727,43.4454674364101,55.7695047716783,117.256797142961,28.8366210495755,54.0204459847631,95.4952385452815,127.997007406047,92.916595406614,21.7750963655731,4.61626033039913,128.641638348082,131.991887986985,48.3428673141461,143.266291995044,31.4711442283853,68.6710175063264,111.442991791019,2.84848146433939,102.983752852793,76.2824287917053,16.4545791790873,47.5915703299708,19.8452547594299,103.31419290121,20.7101328141578,136.730208231175,28.0026341804435,83.8687109981149,153.224141182392,52.4373480572071,92.3425093701884,145.800904032252,55.6522385852057,78.4626386711648,98.664743103658,96.9265949662837,44.0266098866977,82.5774336151177,"25"
101.270396293112,26.7022157372043,94.6071342311536,32.9319586956087,109.807013371981,101.444458534494,152.043903253843,24.2292432790608,13.5493385571042,50.3402111220248,144.228548244499,88.7527812313309,72.6876089801477,105.798031110978,56.9533014694384,0,53.2804398753828,157.737670811403,54.6504076565144,112.399107346711,103.958524584026,110.790247929579,99.8770484068959,32.3593015710029,90.3456864559451,108.439127090172,96.7737685022848,76.4942979817307,67.1819454059332,133.878628823951,142.424339051736,101.954400019683,68.6799826605381,96.8530203206423,56.1141686301121,42.026112366594,122.880121364003,50.548743649101,104.830374111404,64.7175880142934,49.4001329495143,140.305336693608,74.584334491306,8.91005524641541,65.3308887739371,140.640578750201,97.0604383377448,145.389892449426,68.8803412743496,69.7636939162201,"26"
121.380829599546,119.799130064214,36.6843989875902,86.4463915759729,6.45923608070474,24.9709436392599,101.893296421424,107.606345151123,66.9496728703971,17.9786468292946,81.9979563623549,20.9322597243705,111.955627624595,95.1362140222747,2.51264565306346,160.786008276421,26.6402199376914,88.6741500777614,120.087079982078,29.2237679101447,13.3460268047061,79.1358913782708,159.803277451033,57.054558033084,68.1555178527305,125.852709542608,139.259813210605,87.7945920017591,131.202387498646,18.9898764289293,61.3520229761322,126.159401463205,97.296642102429,80.9891635439854,55.4298495004766,140.08704122198,126.331810166363,160.761578162715,89.0340163685896,91.1329300609437,7.53561350077337,111.960824230253,12.07555891764,48.600301344084,129.85522336548,129.537375164659,58.5571239558295,46.8478542337038,135.630362715472,16.3731118374802,"27"
79.7235034647903,18.0420376602732,187.283510620855,111.145360597679,129.184721614095,19.5085497181718,89.9526757470381,29.9302416976634,141.072524976908,54.6550863610555,5.12487227264718,9.21019427872301,69.3456499465777,11.4819568647573,62.8161413265865,79.5191671367082,70.30058039113,93.7899664284015,26.6061195169873,46.458297703307,94.8270325597536,69.243904955987,115.058359764744,148.171538772487,36.4552769909954,34.0356384297619,34.6182586512238,17.3850677231206,123.298629215595,92.100900680307,115.400233693201,127.626371247661,43.6404056488836,106.037358454496,101.963550315691,31.5195842749455,40.7299278678437,97.7828155835069,117.036650549033,42.9249308258068,97.9629755100539,46.0598327529522,120.7555891764,1.6200100448028,95.97994770492,54.035590782972,138.772362251486,112.273305835945,28.4042644430308,12.8137396988976,"28"
81.1599629866784,63.5079725641615,144.806838108909,52.1422679347138,116.983942350541,84.2769347825023,140.103282579458,45.6079873488204,92.4543101543578,55.3742322342273,36.6062305189084,82.0544581195323,102.765240282278,22.1437739534605,50.2529130612692,84.7621891457219,108.040891969526,77.5898813180413,105.705393756679,56.1995536733553,125.733620949599,49.4599321114193,3.99508193627584,143.062175366539,80.0431081758812,55.406853257752,1.57355721141927,125.172487606468,138.315769953392,188.949270467846,138.772432922204,8.80181870673523,110.889555337327,158.638567766569,86.9085294637102,63.9147125575285,136.686876573442,48.0627398630796,111.292520460737,59.4345196049633,46.8882617825899,114.795275476589,34.0956957674542,127.980793539421,51.6194676732343,128.05694801992,154.815409910618,148.620778948302,139.180895770851,119.594903856377,"29"
124.971978404266,25.2588527243824,154.460627316169,16.4659793478044,114.830863656973,128.756428139934,7.96041378292372,56.2973593837002,89.2662304938627,5.75316698537426,108.354442335969,77.8680061746582,156.236584819398,27.064612609785,19.2636166734865,65.5377751126716,61.4205070785662,162.853487162043,76.2229369946122,32.9704048217018,35.8235456336847,21.7623701290245,110.264261441213,79.1951327921913,106.988312908356,101.315388814175,54.2877237939647,36.5086422185533,51.3744288398313,116.787740037915,54.7785919429752,140.095614415536,61.5258178000654,24.2132550801606,81.4339764266261,16.6353361451101,24.8521593769894,159.932910234041,40.9269268791097,114.246354351763,154.898721960342,121.881403592427,71.7430265106848,115.020713180999,75.0095389626685,17.024912164498,81.0173906786135,2.42316487415709,47.5771429420765,97.5267965971649,"30"
22.2651225892658,83.7150547436675,90.7456185482494,118.006185325931,137.079343490512,134.218822061022,53.3347723455889,106.181095546473,77.3109317670061,117.220777327001,69.551837985926,22.6068405023201,143.70423844351,48.3882467871914,100.505826122538,5.24302200901373,116.92096528209,121.926956356922,59.6839978354039,116.895071640579,39.3356579507126,108.811850645122,12.7842621960827,137.952811960591,93.5157105421186,141.683239044823,60.5819526396417,144.296062101901,82.19908614373,27.5353208219475,25.5633429067218,8.06833381450729,6.43874837442545,64.2903669369781,86.2242103340747,25.3907762214839,16.5681062513263,49.7200757204272,98.3682277620708,22.4530407396528,82.8917485085071,82.19908614373,66.7707375445978,138.510858830639,153.245294654914,131.758015881767,110.697028848007,86.4262138449363,106.515991661365,135.256141266141,"31"
133.590735535595,28.1455787500261,102.330165596962,114.575772961805,17.9423224464021,97.5427485908592,124.978496391902,74.1129794418332,56.588413973788,5.75316698537426,128.853931426558,78.705296563633,45.9519367115877,92.6757946941124,94.6429862653903,52.4302200901373,68.0805620629891,21.3159014610003,125.839754472237,70.4367739372719,97.6367224133759,108.811850645122,72.7104912402202,12.7734085148696,80.0431081758812,55.406853257752,37.7653730740624,26.9468549708369,91.6835960833912,21.8383578932687,123.434427178171,39.6081841803085,117.328303711753,136.095192347109,104.016507704598,4.37772003818688,8.28405312566313,70.4367739372719,44.5170081842948,21.1322736373203,120.569816012374,36.8478662023617,12.07555891764,157.950979368273,113.724139717594,39.2313193355824,120.322857443485,44.4246893595467,41.8962900534704,59.7974519281887,"32"
142.209492666923,26.7022157372043,146.737595950361,0,50.2385028499258,28.8726535828943,26.2693654836483,98.342222720894,51.0092745679216,31.6424184195584,20.4994890905887,141.502075736744,5.01293855035502,27.064612609785,2.51264565306346,79.5191671367082,44.400366562819,127.895408766002,58.964913524134,2.99730952924561,30.9065883898456,44.1842060195345,10.3872130343172,27.2499381650551,149.783638071698,84.6933328368494,105.428333165091,25.2083481985249,150.171407377968,15.1919011431434,88.3761283346667,83.6172777139847,142.367880723407,76.8144643922335,89.6458059822522,132.207145153244,18.639119532742,95.2968117974855,91.9060814127377,36.9814788653105,131.454591069047,7.79474092742268,132.120821098885,162.00100448028,135.50110264224,98.4484051251408,61.7657334876558,94.5034300921266,116.457484216426,4.98312099401572,"33"
10.7734464141608,88.045143782133,98.4686499140578,74.7829895379448,125.596257124814,21.0692336956256,99.5051722865465,129.697714023208,90.0632504089865,12.9446257170921,14.6424922075634,68.6578118959352,129.500912550838,30.3451717140014,13.4007768163385,27.9627840480732,51.8004276566221,135.569133291962,116.491658425728,111.649779964399,98.3391448767815,120.022768590377,66.3183601421789,82.6013750628232,120.460915274593,106.85607413995,59.0083954282224,100.8333927941,101.958481851357,146.222048502756,80.341934849697,18.3371223056984,128.059551002462,24.2132550801606,114.281294649131,145.340305267804,135.306201052498,116.842177943004,132.11499203081,36.3210953141442,92.1019427872301,81.4904733321462,41.1989657190071,85.050527352147,69.3636596859085,85.8647743948596,81.81954306157,85.6184922202173,132.079829660093,17.0849862651968,"34"
57.4583808755245,78.663284198791,77.2303136580846,116.634020380281,46.6500383606453,74.132488929053,31.0456137534025,124.709340406931,96.4394097299767,12.2254798439203,16.8388660386979,17.5830981684712,19.2162644430276,90.2153753659501,20.1011652245077,166.029030285435,139.86115467288,81.0004255518013,23.7297822719076,106.404488288219,10.5363369510837,98.9198642228385,114.259343377489,121.77316117509,66.5705058096438,135.351027243937,24.3901367769986,91.2716055463832,71.1338245474587,161.413949645899,140.233195374017,79.2163683606171,131.636633432698,10.8542177945547,49.9552964633925,133.958233168519,54.5366830772823,74.5801135806408,18.6684227869623,97.0763820214401,108.010460177752,38.2650918255295,27.7027528110565,136.080843763435,99.2061644344971,42.1921736250603,21.6581143398274,71.8872245999938,100.835138772759,66.916196205354,"35"
20.8286630673776,140.727893750131,68.54190337155,100.168041032477,40.9084951777967,85.0572767712292,113.833917095809,139.674461255763,126.72616650468,112.90590208797,125.925432985045,137.31562379187,118.639545691735,4.92083865632455,129.820025408279,146.804616252384,130.981081360316,57.9792519739209,5.03359017888949,34.4690595863246,48.4671499749852,118.044371305921,155.808195514758,67.2732848449797,68.1555178527305,70.445856284856,0.786778605709633,39.9856557631774,28.4535298189835,136.727110288291,122.704045952264,74.8154590072495,12.1620802628036,30.0578338926131,129.336315501112,141.838129237255,4.83236432330349,19.0593623594971,137.141105858069,89.151779407445,46.0509713936151,68.0268299120524,76.0049884816166,93.9605825985625,70.1702138683028,29.6085428947792,75.4023239979175,63.8100083528035,130.659616437942,59.0855775004721,"36"
142.209492666923,104.643818429584,146.737595950361,14.4077319293288,9.33000767212907,30.4333375603481,31.8416551316949,137.536586848787,125.929146589556,8.62975047806139,125.925432985045,16.7458077794964,57.6487933290827,92.6757946941124,141.545705122575,94.3743961622471,91.7607575631592,132.158589058202,81.2565271735017,79.4287025250088,48.4671499749852,36.2706168817075,154.210162740247,111.554434363194,22.982674624758,69.6543298097453,86.5456466280596,24.3390948123688,56.9070596379669,164.262431110238,126.355952081796,110.756218726418,88.7116442698617,111.881937266949,116.334252038037,68.2924325957153,7.5937153651912,46.4054040057321,72.5196423647383,101.038683328438,11.7220654456475,0.70861281158388,36.9370037480754,62.3703867249078,43.5539258492914,145.081860184418,28.0753334034799,157.505716820211,46.156929719925,52.6787076510234,"37"
59.6130701583567,21.6504451923278,0.965378920726057,87.1324740487981,137.079343490512,85.8376187599561,35.0258206448644,23.5166184767355,77.3109317670061,97.8038387513625,131.78242986807,48.5628425605395,106.94268907424,117.279987975735,143.220802224617,78.6453301352059,13.3201099688457,86.1162419024414,135.906934830016,7.49327382311404,77.9688934380196,2.63786304594236,93.4849173088545,16.1796507855014,63.4004817234702,116.354391841279,85.75886802235,126.91099437878,81.4087103154249,171.85838168181,119.052139822733,77.7493985761612,52.9408199674981,24.2132550801606,70.4848703524579,4.37772003818688,57.29803411917,35.6327209329728,113.446569243848,77.2648754864523,147.363108459568,65.1923786657169,15.6271938934165,89.9105574865554,21.7769629246457,45.8932414869077,89.0389145081792,121.158243707855,72.4308743297285,95.3911733140153,"38"
14.3645952188811,72.8898321475036,76.2649347373585,130.355669836785,61.7215892156231,43.6991513687049,67.6635171548516,141.812335662738,34.2718563503223,13.6637715902639,95.1761993491619,135.641043013921,24.2292029933826,110.718869767302,108.88131163275,42.8180130736121,146.521209657303,75.8846092011612,63.9985037030235,139.374893109921,115.899706461921,24.4002331749668,47.94098323531,22.1405747591072,29.322722797105,51.4492208821982,39.3389302854816,38.2471489908653,121.717877558985,37.0302590364121,141.693957825829,142.29606909222,119.474553169894,15.8638567766569,30.7943608335981,172.482169504563,110.454041675508,104.412159012897,84.7259188023675,127.454025375088,120.569816012374,137.470885447273,105.128395282984,92.3405725537597,140.340427736606,106.590754421205,131.552990804877,130.850903204483,112.906951161047,58.3737030727556,"39"
114.916761751049,57.7345205128741,36.6843989875902,76.8412369564204,12.2007792635534,93.6410386472248,89.9526757470381,114.732593174376,61.3705334645306,50.3402111220248,110.550816167103,11.7220654456475,75.1940782553253,105.798031110978,15.0758739183808,69.0331231186807,87.3207209068773,98.0531467206016,6.47175880142934,10.4905833523596,66.0277115601247,48.1410005884481,15.1813113578482,140.507493663565,18.2276384954977,124.269656592387,119.590348067864,112.133686814128,77.4568311738995,112.040270930683,108.096421434138,103.421369804139,135.213715862934,8.34939830350365,78.696699908084,127.829425115057,114.59606823834,39.7760605763418,58.8773334050351,101.699066879604,101.312137065953,90.7024398827366,26.9924258159012,12.150075336021,92.7537309753428,19.2455528816065,69.7872573172215,147.005335698864,14.9122388325912,91.8318011754326,"40"
118.507910555769,31.7539862820808,9.65378920726057,43.2231957879865,129.902414511951,87.3983027374098,89.1566343687457,95.4917235115928,106.003648711462,112.186756214798,29.2849844151267,77.8680061746582,79.3715270472878,59.0500638758946,82.9173065510942,90.8790481562379,146.521209657303,73.3267010258412,124.401585849697,114.647089493645,9.13149202427257,106.17398759918,131.837703897103,72.3826482509275,12.6800963446941,66.4882239093023,18.8826865370312,123.433980834156,136.735018296782,93.0503945017535,52.5874482652562,46.9430331025879,132.352049918745,140.269891498861,105.385145963869,33.2706722902203,58.6787096401138,16.5733585734757,106.984422894515,111.604820147098,30.1424540030935,63.0665402309653,56.1158326172683,135.270838741034,143.566644466183,125.096093730442,80.2152382956569,26.654813615728,107.936204883517,128.849271416692,"41"
15.0828249798252,57.0128390064632,138.049185663826,65.8639173912175,117.701635248397,65.5487270530574,25.4733241053559,121.85884119763,142.666564807156,135.918570029467,128.121806816179,112.196912122626,19.2162644430276,135.323063048925,143.220802224617,94.3743961622471,96.2007942194411,78.4425173764813,2.87633724507971,68.9381191726491,55.491374609041,30.3354250283371,43.146884911779,74.0857693862435,155.331180222502,98.149282913732,38.552151679772,49.5474430108937,27.6631539906784,37.0302590364121,13.8772432922204,55.0113669170952,17.8854121511818,107.707238115197,134.810868538196,120.825073053958,130.473836729194,111.041502442287,6.46214634933312,111.604820147098,72.0069734518345,138.88811107044,112.231665234537,26.7301657392462,122.596235723931,71.06050294747,31.2839429353062,33.1165866134803,32.6649041094854,126.001773705826,"42"
141.491262905979,114.747359519337,40.5459146704944,126.239174999833,80.3816045598812,8.58376187599561,83.5843447206991,66.2741066162547,137.884445316413,132.322840663608,43.9274766226901,94.6138139541546,130.33640230923,59.0500638758946,160.809321796061,166.902867286937,148.001221876063,97.2005106621616,42.4259743649257,101.908523994351,42.8477702677405,52.0977951573616,159.803277451033,102.187268118956,38.8327950556255,74.4034886604098,136.112698787766,126.91099437878,88.5220927701708,112.040270930683,143.154720277642,52.8109122404114,142.367880723407,80.9891635439854,87.5928485933457,118.198441031046,73.8661403704962,33.9753850756253,36.6188293128877,101.699066879604,29.3051636141187,45.3512199413683,9.23425093701884,132.84082367383,99.2061644344971,70.3202893751006,113.103485996876,21.0007622426948,129.23940321579,93.9674244585822,"43"
22.2651225892658,51.9610684615867,20.2729573352472,133.78608220091,29.4254088120994,53.8435972221543,91.5447585036228,93.3538491046168,29.4897368595797,79.8251919220679,16.8388660386979,46.8882617825899,96.0813222151378,72.9924400688142,5.02529130612692,92.6267221592425,9.62007942194411,86.1162419024414,92.0427918425506,71.1861013195833,42.1453478043349,64.6276446255878,15.9803277451033,80.8982539275072,45.1728432279725,5.5406853257752,63.7290670624802,21.7313346539008,143.848400751528,157.615974360113,62.0824042020386,27.1389410124336,25.0395770116545,7.51445847315328,49.9552964633925,105.065280916485,122.880121364003,29.0033775035825,139.295154641181,118.869039209927,100.474846676978,80.7818605205623,111.521338239381,0.8100050224014,16.1310836478857,2.96085428947792,52.139904892177,44.4246893595467,26.9840512208792,99.6624198803145,"44"
133.590735535595,111.860633493694,130.326154298018,74.0969070651196,20.0954011399703,154.507713767921,58.1110206153432,42.7574881395191,61.3705334645306,22.2935220683253,8.78549532453802,51.074713727464,89.3974041479978,133.682783496817,133.170219612363,102.238929175768,11.8400977500851,23.8738096363204,91.3237075312807,113.897762111333,96.2318774865648,2.63786304594236,128.641638348082,111.554434363194,116.498385166877,48.2831149817553,143.980484844863,31.2931219016171,58.4878112945771,103.494826537665,0,115.157128079786,64.3874837442545,50.9313296513722,99.9105929267849,92.8076648095619,32.4458747421806,140.873547874544,122.780780637329,13.8680545744914,112.196912122626,65.1923786657169,12.07555891764,108.540673001788,112.111031352806,95.4875508356629,103.477657401397,113.888749085383,3.55053305537885,70.4755683439367,"45"
86.1875713132868,7.93849657052019,156.391385157621,67.922164809693,68.1808252963278,49.9418872785199,152.043903253843,2.85049920930128,72.5288122762635,12.2254798439203,64.4269657132788,51.074713727464,156.236584819398,137.783482377087,134.007768163385,22.7197620390595,145.781203547922,126.190136649122,135.187850518746,144.620184786101,59.7059093894745,22.4218358905101,8.78918025980684,76.6404510892174,110.15833699453,68.0712768595238,129.03169133638,38.2471489908653,157.284789832714,166.161418753131,86.1849846569477,130.560310816573,87.2808112977672,134.425312686409,31.4786799632336,29.7684962596708,11.0454041675508,151.646230947303,142.167219685329,77.2648754864523,7.53561350077337,53.145960868791,36.2266767529201,8.91005524641541,41.1342633021086,7.4021357236948,64.1721906365255,63.8100083528035,93.0239660509258,71.8993171993697,"46"
99.8339367712238,87.3234622757221,61.7842509264676,6.17474225542664,137.797036388368,128.756428139934,38.2099861580339,52.0216105697483,72.5288122762635,143.110028761185,8.78549532453802,139.827494958795,70.1811397049702,56.5896445477324,25.9640050816558,82.1406781412151,82.1406781412151,86.9688779608814,136.626019141286,83.9246668188772,68.8374014137471,56.7140554877608,37.5537702009929,108.148192092562,140.273565813178,100.523862339064,73.9571889367055,114.741446972596,53.7455563247466,19.9393702503758,135.850908018579,79.2163683606171,14.3083297209454,91.8433813385401,105.385145963869,40.2750243513193,95.9569487055979,62.150094650534,58.8773334050351,17.1699723303227,16.7458077794964,58.814863361462,120.045262181245,60.750376680105,62.9112262267543,84.3843472501207,123.531466975312,147.813057323583,77.4016206072589,29.8987259640943,"47"
126.408437926154,81.5500102244347,85.9187239446191,78.2134019020707,7.17692897856082,145.143609903198,71.6437240463135,111.882093965075,88.469210578739,50.3402111220248,119.336311491641,11.7220654456475,15.8743054094576,140.24390170525,136.520413816448,90.0052111547356,68.8205681723694,111.695323655642,137.345103452556,129.633637139873,28.0968985362233,4.61626033039913,28.764589941186,131.991887986985,137.103541727004,158.305295022148,88.1192038394789,6.95402708924824,25.2920265057631,16.1413949645899,43.8228735543802,145.963493553359,118.0437201978,77.6494042225839,62.9573599264672,85.8033127484629,100.098975268429,6.6293434293903,110.5745041997,25.7549584954841,144.851237292644,81.4904733321462,66.7707375445978,76.950477128133,91.1406226105542,144.341646612049,15.2408952761748,117.927357208979,24.8537313876519,96.1030477417318,"48"
66.7953677677973,72.8898321475036,77.2303136580846,113.88969048898,50.9561957477818,49.161545289793,23.0851999704788,4.27574881395191,149.83974404327,33.7998560390738,92.9798255180274,110.522331344676,82.7134860808578,117.279987975735,25.1264565306346,58.5470791006533,146.521209657303,56.2739798570409,129.435176028587,85.4233215835,37.9308130239014,102.876658791752,58.3281962696272,150.726220475461,99.0632526929223,40.3678502306479,24.3901367769986,29.554615129305,14.2267649094917,109.191789466343,32.1367739398788,133.494250385484,80.8420629233417,18.368676267708,119.071528556579,70.9190646186275,117.357419280228,72.9227777232933,129.960943247699,10.5661368186601,117.220654456475,97.7885679985754,52.5641976414919,61.5603817025064,32.2621672957714,134.718870171245,145.189581315139,144.582170824707,115.74737760535,31.3224748195274,"49"
66.0771380068532,93.8185958334204,55.0265984813852,21.2685566575806,36.6023377906602,27.3119696054406,47.7624826975423,89.7907250929902,4.78211949074265,66.161420331804,103.229570063322,122.244396790324,78.5360372888953,97.596633350437,118.094345693983,28.8366210495755,115.440953063329,18.7579932856803,11.5053489803188,59.1968632026009,70.9446688039638,120.682234351863,147.019015254951,103.890389254272,106.195806886813,83.1102798866279,154.208606719088,90.4023521602272,116.185246760849,17.0908887860364,23.3721992290028,59.4122762704628,117.328303711753,15.0289169463066,78.696699908084,104.189736908848,120.118770322115,109.38416658494,63.1854309712571,21.1322736373203,166.620787405989,99.914406433327,115.783300210313,121.50075336021,37.1014923901371,145.081860184418,26.4710286375668,88.8493787190934,90.8936462176985,9.96624198803145,"50"
22.2651225892658,95.2619588462423,37.6497779083162,52.828350407539,30.1431017099554,31.9940215378018,65.2753930199745,128.985089220883,45.4301351620551,63.2848368391169,96.6404485699182,60.284908006187,16.7097951678501,52.4889456674619,41.8774275510577,141.561594243371,104.340861422625,59.684524090801,23.0106979606377,119.892381169825,54.0865296822298,103.536124553238,108.666228666703,19.5858930561333,101.440770757552,129.810341918162,33.8314800455142,131.257261309561,116.975622589154,37.0302590364121,31.4063927139725,123.225461894293,113.751221281516,153.628928784467,105.385145963869,75.2967846568143,99.4086375079576,8.28667928673787,5.02611382725909,13.2076710233252,9.21019427872301,116.212501099756,139.934418045593,119.070738293006,54.0391302204171,122.875453013334,42.5140762966982,158.31343844493,103.675565217062,75.4586893379524,"51"
113.480302229161,117.634085544981,6.7576524450824,87.1324740487981,114.830863656973,108.467536433035,58.9070619936356,116.870467581352,61.3705334645306,88.4549424001293,45.3917258434464,146.525818070593,86.0554451144278,62.330622980111,97.1556319184538,15.7290660270412,130.241075250936,12.7895408766002,28.7633724507971,83.9246668188772,74.4567811209917,81.1142886627276,94.2839336961097,44.2811495182145,68.9480238742739,122.686603642165,28.3240298055468,69.5402708924824,144.638776579833,76.9089995371636,136.581289244485,64.5466705160584,72.9724815768217,27.553014401562,132.75791114929,82.3011367179134,90.4342466218225,118.499513800352,19.3864390479993,53.491067644467,51.074713727464,84.3249245784817,22.0201368498142,55.0803415232952,92.7537309753428,46.6334550592772,28.8774857864365,19.3853189932567,8.52127933290923,52.6787076510234,"52"
70.3865165725175,113.303996506515,103.295544517688,43.2231957879865,28.7077159142433,64.7683850643305,117.018082608979,131.122963627859,63.761593209902,34.5190019122456,142.764299023743,33.4916155589928,106.107199315848,107.438310663086,99.6682775715173,110.977299190791,57.7204765316647,108.284779421882,3.59542155634963,17.2345297931623,70.2422463405582,85.0710832316411,93.4849173088545,51.9451946271362,43.5878311848858,117.937444791501,70.8100745138669,10.4310406338724,9.48450993966116,68.3635551441454,92.0280344641984,111.489703618646,119.474553169894,143.609650820263,82.1182955562616,63.9147125575285,94.5762731846541,1.65733585734757,19.3864390479993,72.6421906282885,28.4678732251439,47.4770583761199,132.120821098885,75.3304670833302,157.278065566886,76.2419979540564,74.6001716149609,8.88493787190934,72.4308743297285,9.25436756031491,"53"
104.143315336888,103.200455416762,47.3035671155768,63.1195874999167,101.194698597708,56.9649651770618,14.3287448092627,69.8372306278813,102.815569050967,82.701775414755,142.764299023743,117.220654456475,59.3197728458677,130.402224392601,145.733447877681,136.318572234357,22.2001832814095,27.2843538700804,17.2580234704782,74.9327382311403,66.7301340235303,56.7140554877608,113.460326990234,79.1951327921913,152.953662157872,28.4949531039867,39.3389302854816,133.865021468029,102.748857679663,96.8483697875394,93.488796916011,7.33484892227936,7.86958134651999,7.51445847315328,23.951169537243,159.349009390002,58.6787096401138,100.268819369528,94.7781464568857,76.604491935286,31.8170347810431,109.834985795501,93.0528363653437,28.350175784049,66.9439971387257,115.473317289639,64.9743430194821,33.1165866134803,71.0106611075769,111.764285151495,"54"
135.745424818427,54.8477944872304,145.772217029635,59.0030926629656,92.5823838234346,101.444458534494,108.261627447763,89.0781002906649,144.260604637403,103.557005736737,55.6414703887408,101.312137065953,3.34195903357001,77.0931389490847,70.3540782857769,150.299964258394,20.7201710626489,90.3794221946414,107.143562379219,58.4475358202895,129.948155730033,116.065974021464,128.641638348082,5.10936340594782,120.460915274593,95.7747034883998,52.7141665825454,145.165315488057,158.075165661019,187.9997766464,108.096421434138,107.822279157507,41.4941561907418,153.628928784467,8.89614868526167,130.456057137969,84.2212067775752,35.6327209329728,96.2141789789597,106.321751737768,154.061431571367,111.960824230253,140.644745040749,78.5704871729358,29.8425047485886,128.797161592289,49.7334477433073,6.46177299775225,103.675565217062,127.425522561259,"55"
20.1104333064336,34.6407123077245,3.86151568290423,76.8412369564204,57.4154318284866,83.4965927937755,30.2495723751101,74.8256042441585,140.275505061784,37.3955854049327,76.8730840897077,107.173169788777,165.426972161716,127.941805064438,100.505826122538,164.28135628243,137.641136344739,12.7895408766002,129.435176028587,26.2264583808991,92.7197651695369,34.9516853587363,114.259343377489,70.6795271156116,133.933517640831,96.5662299635106,105.428333165091,83.4483250709789,63.2300662644077,41.7777281436444,85.4546034310413,99.7539453429993,62.2412342861127,116.056636418701,61.5887216671962,151.469113321266,135.99653881297,152.474898875977,124.93482942044,108.302902391266,148.200398848543,47.4770583761199,110.811011244226,99.6306177553723,39.52115493732,46.6334550592772,56.9528191899164,114.696470710102,53.9681024417585,40.5768423798423,"56"
54.5854618317483,142.171256762953,70.4726612130022,123.494845108533,38.0377235863724,137.34019001593,143.287448092627,89.0781002906649,64.5586131250257,87.7357965269575,65.159090323657,119.732525623399,153.730115544221,57.4097843237864,61.1410442245442,27.0889470465709,108.040891969526,147.506038110122,99.9527192665198,72.6847560842061,70.9446688039638,58.0329870107319,157.406228289268,31.5077410033449,58.64544559421,7.91526475110742,57.4348382168032,158.204116280398,15.8075165661019,83.5554562872889,82.533078527416,122.491977002065,46.5020715930727,159.47350759692,83.4869338155326,47.2793764124183,35.2072257840683,113.527506228309,49.5431220115539,94.434847816775,149.037689237518,48.8942839992877,24.8614448304353,21.8701356048378,126.629006635903,139.900365177832,120.322857443485,49.2710191078609,44.0266098866977,8.54249313259838,"57"
122.817289121434,97.4270033654751,55.0265984813852,111.831443070505,42.3438809735088,10.1444458534494,19.9010344573093,74.8256042441585,66.9496728703971,131.603694790436,87.8549532453802,20.9322597243705,145.375217960295,161.567535882656,29.3141992857404,0.873837001502288,103.600855313244,34.1054423376006,74.7847683720724,125.137672846004,84.9931180720755,80.454822901242,132.636720284358,43.4295889505565,152.953662157872,57.7814326830842,64.5158456681899,63.4554971893902,130.412011670341,14.242407321697,143.154720277642,16.1366676290146,118.759136683847,121.901215231153,40.3748286484953,119.073985038683,130.473836729194,153.303566804651,6.46214634933312,29.0568762513154,88.7527812313309,31.8875765212746,6.39294295639766,81.8105072625414,101.62582698168,34.7900379013655,153.211105144705,59.7714002292083,6.39095949968192,1.42374885543306,"58"
54.5854618317483,104.643818429584,148.668353791813,18.5242267662799,61.003896317767,56.1846231883349,92.3407998819152,116.870467581352,110.785768202205,96.3655470050189,92.2477009076492,28.4678732251439,107.778178832633,97.596633350437,57.7908500204596,42.8180130736121,20.7201710626489,71.6214289089611,29.482456762067,140.124220492232,82.1834282184531,108.811850645122,51.9360651715859,155.835583881409,37.2477830125388,2.37457942533223,147.914377873411,74.7557912094186,59.2781871228822,137.676604109737,125.62557085589,141.562584199992,35.0554078163163,36.737352535416,106.75378422314,142.713673244892,71.1047893286085,90.3248042254428,94.0601301958487,54.8118347467995,18.420388557446,72.2785067815557,121.465916171556,19.4401205376336,37.9080465725314,25.9074750329318,97.8625907207014,66.2331732269606,44.7367164977735,0.711874427716532,"59"
47.4031642223077,70.7247876282708,57.9227352435634,78.2134019020707,137.797036388368,53.0632552334274,66.8674757765593,54.8721097790496,118.755967353442,133.04198653678,106.890193115213,1.67458077794964,55.1423240539052,136.963342601033,77.0544666939461,154.669149265905,44.400366562819,12.7895408766002,122.244332915888,22.4798214693421,83.5882731452643,51.438329395876,31.9606554902067,87.710738468771,138.688553770091,101.315388814175,141.620149027734,171.242917072738,62.4396904361026,167.110912574578,21.9114367771901,119.558037433154,53.6562364535454,78.4843440529343,107.438103352776,49.0304644276931,38.6589145864279,28.1747095749088,87.5979838465156,25.7549584954841,97.1256851210791,135.345047012521,110.100684249071,76.950477128133,85.4947433337942,132.498229454137,112.30133361392,96.9265949662837,137.050575937624,97.5267965971649,"60"
122.09905936049,39.692482852601,188.248889541581,43.2231957879865,124.878564226958,150.606003824287,120.998289500441,14.2524960465064,106.800668626586,81.9826295415833,98.8368224010527,150.712270015467,76.8650577721103,15.5826557450278,120.606991347046,24.4674360420641,11.1000916407047,119.369048181602,92.7618761538206,38.2156964978816,102.553679657215,90.3468093235259,30.3626227156964,35.7655438416348,65.7779997881004,105.273021189729,88.9059824451885,25.2083481985249,137.525394125087,49.3736787152162,133.65976434086,109.289248941962,89.427060755909,19.2036160980584,88.9614868526167,99.8120168706609,9.66472864660699,96.1254797261593,23.6945366142214,86.5102452027799,88.7527812313309,82.19908614373,102.287087302363,11.3400703136196,115.337248082383,87.3452015395986,137.97020986853,63.0022867280844,131.369723049017,3.55937213858266,"61"
72.5412058553497,46.9092979167102,0,130.355669836785,39.4731093820845,115.490614331577,14.3287448092627,7.83887282557851,86.0781508333676,63.2848368391169,131.050305257692,13.3966462235971,115.297586658165,12.3020966408114,14.2383253673596,104.860440180275,5.92004887504253,62.242432266121,74.7847683720724,34.4690595863246,137.674802827494,22.4218358905101,156.607211902013,139.655933095907,147.406120007068,130.601868393272,84.1853108109307,82.5790716848229,76.6664553455944,108.242295644897,70.1165976870083,70.4145496538818,14.3083297209454,145.279530480963,115.649932908402,120.825073053958,23.4714838560455,138.387544088522,63.9034472322942,19.8115065349878,37.6780675038669,97.0799551869915,71.0326995155295,109.350678024189,25.8097338366171,137.679724460723,45.7226858285244,0,137.050575937624,3.55937213858266,"62"
54.5854618317483,85.1584177564893,166.045174364882,126.239174999833,99.7593128019954,84.2769347825023,108.261627447763,69.1246058255559,46.2271550771789,45.3061900098223,85.6585794142457,73.6815542297841,32.5841005773076,57.4097843237864,40.2023304490154,161.659845277923,144.301191329162,23.8738096363204,5.75267449015941,126.636327610627,75.1592035843973,103.536124553238,156.607211902013,3.40624227063188,48.3428673141461,41.1593767057586,13.3752362970638,21.7313346539008,120.137125902375,7.59595057157172,83.2634597533223,112.223188510874,123.051635600131,150.289169463066,8.21182955562616,54.2837284735173,130.473836729194,9.11534721541166,73.2376586257753,73.962957730621,49.4001329495143,97.7885679985754,39.0679847335413,156.33096932347,159.697728114068,10.3629900131727,28.0753334034799,103.388367964036,52.5478892196069,42.0005912352754,"63"
134.308965296539,106.087181442406,78.1956925788106,100.854123505302,109.807013371981,153.727371779194,136.919117066288,58.4352337906762,47.8211949074265,55.3742322342273,26.3564859736141,141.502075736744,111.120137866203,45.9278274590292,87.9425978572211,66.4116121141739,51.8004276566221,12.7895408766002,102.10997220033,113.148434729022,132.055423120249,29.016493505366,127.842621960827,147.319978204829,86.3831563482282,112.396759465725,99.1341043194137,10.4310406338724,69.5530728908485,155.71698671722,124.895189629984,71.1480345461098,95.8658091303345,67.6301262583795,121.808805075121,92.8076648095619,71.7951270890805,31.4893812896039,54.569235838813,63.3968209119609,39.3526482818165,136.762272635689,97.3147983362755,98.0106077105695,49.1998051260514,42.1921736250603,60.9635811046992,146.197614074145,25.5638379987277,84.0011824705508,"64"
10.0552166532168,103.200455416762,101.364786676236,72.7247421194693,101.912391495564,105.346168478128,27.0654068619407,70.5498554302066,49.415234737674,46.7444817561659,38.0704797396648,70.3323926738848,137.855810134763,16.4027955210818,96.3180833674326,82.1406781412151,17.0201405157473,116.811140006282,133.030597584936,35.9677143509474,9.13149202427257,44.8436717810201,76.705573176496,146.468417637171,122.04592731768,121.895077167054,7.86778605709633,15.6465609508085,37.9380397586446,184.201801360614,109.55718388595,135.694705062168,122.336219114084,119.396395740102,37.6375521299532,106.81636893176,36.5879013050122,70.4367739372719,55.28725209985,1.98115065349878,45.2136810046403,34.0134149560262,134.251802084351,24.300150672042,154.051848837308,142.86121946731,97.8625907207014,50.0787407325799,126.398976771487,109.628661868346,"65"
129.28135696993,37.5274383333682,97.5032709933318,41.8510308423361,101.194698597708,63.9880430756036,157.61619290189,51.308985767423,77.3109317670061,85.5783589074422,99.5689470114309,138.99020456982,76.0295680137177,63.9709025322192,55.2782043673961,80.3930041382105,96.9408003288214,108.284779421882,85.5710330411213,18.7331845577851,129.245733266627,79.1358913782708,155.009179127502,68.9764059802956,41.2103131202557,74.4034886604098,62.9422884567706,91.2716055463832,8.69413411135606,136.727110288291,40.9013486507548,138.62864463108,26.4704099837491,3.33975932140146,45.1650625559439,123.45170507687,102.860326310317,122.64285344372,132.11499203081,70.0006564236235,62.7967791731115,27.6358996517713,35.5163497577648,68.0404218817176,46.7801425788685,71.8007165198395,116.312095528702,50.0787407325799,90.1835396066227,99.6624198803145,"66"
119.944370077657,126.294263621912,83.0225871824409,44.5953607336368,139.950115081936,97.5427485908592,147.267654984089,116.870467581352,150.636763958393,89.8932341464729,85.6585794142457,36.0034867259172,156.236584819398,73.8125798448683,36.0145876939096,30.5842950525801,136.161124125978,118.516412123162,89.8855389087408,35.218386968636,96.9342999499704,108.152384883637,11.9852458088275,114.109116066168,6.34004817234703,15.0390030271041,134.539141576347,10.4310406338724,154.123286519494,0.949493821446464,76.6900287201653,25.6719712279778,115.182054253611,49.2614499906715,11.6334252038037,158.473465382365,26.2328348979332,1.65733585734757,39.4908943570357,85.1894781004474,97.1256851210791,67.3182171004686,10.6549049273294,127.980793539421,131.468331730268,125.836307302812,125.937924124181,99.3497598404408,119.297910660729,88.27242903685,"67"
2.87291904377623,0.721681506410926,131.291533218744,96.7376286683506,75.3577542748886,2.34102596618062,3.18416551316949,96.2043483139181,146.651664382774,50.3402111220248,100.301071621809,61.1221983951618,3.34195903357001,104.977891334924,149.083642081765,150.299964258394,81.4006720318348,38.3686226298006,19.415276404288,17.9838571754737,94.124610096348,25.0596989364524,48.7399996225652,41.7264678152406,125.215951403854,106.064547664839,50.3538307654165,78.2328047540427,53.7455563247466,95.8988759660929,14.6076245181267,69.6810647616539,73.687898062869,97.6879601509927,98.5419546675139,54.2837284735173,122.880121364003,47.2340719344059,54.569235838813,115.567121454095,16.7458077794964,118.338339534508,117.914281195779,157.140974345872,6.45243345915428,17.024912164498,82.6216954445266,78.348997597746,68.1702346632739,100.374294308031,"68"
86.9058010742308,10.103541089753,157.356764078347,1.37216494565036,128.467028716239,33.5547055152556,16.7168689441398,90.5033498953155,88.469210578739,118.659069073344,146.424922075634,70.3323926738848,120.31052520852,19.6833546252982,113.069054387856,8.73837001502288,42.9203543440583,46.0423471557607,127.277923094777,108.652470435154,84.9931180720755,45.5031375425057,8.78918025980684,16.1796507855014,138.688553770091,56.1983797328627,109.362226193639,125.172487606468,132.783139155256,7.59595057157172,32.8671551657851,58.6787913782349,2.86166594418909,44.2518110085693,102.647869445327,31.5195842749455,132.54485001061,150.817563018629,72.5196423647383,12.5472874721589,63.6340695620863,29.0531252749391,102.287087302363,49.4103063664854,116.950356447171,73.2811436645785,138.772362251486,111.465584211226,59.6489553303646,69.7636939162201,"69"
138.618343862203,136.397804711665,33.788262225412,120.750515217232,132.773186103375,15.6068397745375,101.893296421424,135.398712441811,70.1377525308921,9.34889635123318,18.3031152594542,92.939233176205,49.2938957451577,15.5826557450278,72.8667239388404,134.570898231352,145.041197438542,133.863861175082,109.300815313029,75.6820656134518,139.079647754305,54.735658203304,5.59311471078617,137.952811960591,54.6829154864931,158.305295022148,90.4795396566078,108.656673269504,45.8417980416956,86.4039377516283,102.983752852793,70.4145496538818,78.6958134651999,39.2421720264671,119.071528556579,130.456057137969,116.667081519756,80.3807890813573,15.0783414817773,130.095559579753,132.291881458021,53.145960868791,44.7506006947836,147.420914077055,14.5179752830971,15.5444850197591,54.5463620410467,31.5011433640422,68.8803412743496,129.561145844409,"70"
143.645952188811,116.91240403857,37.6497779083162,129.669587363959,71.0515968877521,63.2077010868767,73.2358068028983,19.2408696627836,18.3314580478468,0.719145873171783,57.1057196094971,94.6138139541546,76.8650577721103,159.107116554494,57.7908500204596,22.7197620390595,24.4202016095504,18.7579932856803,33.7969626296866,82.4260120542544,80.0761608282364,93.6441381309538,113.460326990234,111.554434363194,82.4206262405113,20.5796883528793,4.7206716342578,19.1235744954327,71.1338245474587,133.878628823951,16.7987681958457,111.489703618646,109.458722365233,166.987966070073,56.7984877597476,85.8033127484629,2.07101328141578,61.3214267218602,75.3917074088864,65.3779715654596,166.620787405989,14.8808690432615,131.41049410373,115.8307182034,50.0063593084457,108.071181565944,106.686266933224,34.7320298629183,124.26865693826,69.0518194885036,"71"
30.8838797205944,25.2588527243824,65.6457666093719,52.828350407539,48.8031170542136,98.3230905795861,29.4535309968178,11.4019968372051,33.4748364351985,79.8251919220679,51.2487227264718,89.5900716203057,63.4972216378302,100.877192454653,167.509710204231,16.6029030285435,68.0805620629891,54.5687077401609,45.3023116100054,137.876238345298,112.387594144893,83.0926859471844,121.450490862785,133.695009122301,39.6253010771689,92.6085975879568,21.2430223541601,29.554615129305,60.8589387794924,0.949493821446464,73.76850381654,62.3462158393746,113.035804795469,80.9891635439854,57.4828068893831,98.0609288553861,58.6787096401138,91.1534721541166,119.190699332144,100.378299777271,28.4678732251439,53.8545736803749,58.2468136027342,124.740773449816,142.760090283788,37.7508921908435,97.8625907207014,64.6177299775225,31.9547974984096,71.8993171993697,"72"
58.1766106364686,53.4044314744086,181.491237096499,121.436597690057,116.266249452685,97.5427485908592,117.018082608979,142.524960465064,49.415234737674,59.689107473258,70.2839625963042,59.4476176172122,83.5489758392503,76.2729991730306,24.2889079796135,125.832528216329,37.7403115783961,128.748044824442,99.9527192665198,34.4690595863246,122.221508632571,129.255289251176,111.862294215723,5.10936340594782,147.406120007068,93.4001240630676,142.406927633444,46.0704294662696,88.5220927701708,70.2625427870384,129.277476985422,12.4692431678749,74.4033145489163,143.609650820263,86.9085294637102,30.6440402673082,111.834717196452,63.8074305078816,43.7989919232578,42.2645472746406,140.66478534777,27.6358996517713,129.989840113419,87.4805424193513,77.4292015098514,13.3238443026506,91.4453716570489,123.581408582012,86.6330065512439,106.069289729763,"73"
73.2594356162938,98.148684871886,124.533880773661,121.436597690057,76.7931400706008,108.467536433035,7.16437240463135,65.5614818139294,142.666564807156,98.5229846245342,111.282940777482,136.478333402896,17.5452849262426,22.1437739534605,164.159516000146,55.0517310946441,124.321026375893,144.948129934802,64.7175880142934,31.4717500570789,115.899706461921,102.876658791752,8.78918025980684,122.624721742748,130.763493554657,136.934080194158,129.818469942089,88.6638453879151,151.752159034579,79.757481001503,80.341934849697,19.8040920901543,1.43083297209454,20.8734957587591,45.1650625559439,49.0304644276931,89.7439088613506,158.275574376693,94.7781464568857,93.7744642656088,123.918977568273,124.715854838763,104.418068287828,45.3602812544784,91.9471767929485,70.3202893751006,80.2152382956569,95.3111517168457,139.891002381927,123.15427599496,"74"
107.734464141608,127.015945128323,123.568501852935,26.0711339673569,63.1569750113352,4.68205193236124,97.9130895299618,18.5282448604583,59.7764936342831,76.229462556209,15.3746168179415,24.2814212802698,155.401095061006,29.5250319379473,74.5418210408827,69.0331231186807,64.3805315160875,98.9057827790416,143.816862253985,38.965023880193,93.4221876329424,81.1142886627276,71.1124584657099,103.038828686614,19.0201445170411,88.6509652124031,144.767263450572,154.727102735773,90.8932202550861,76.9089995371636,12.4164808404077,55.7448518093231,7.86958134651999,151.124109293416,19.8452547594299,4.37772003818688,60.0593851610577,136.730208231175,19.3864390479993,114.246354351763,35.1661963369424,133.927821389353,44.0402736996283,106.920662956985,35.4883840253486,104.370113704097,32.0860953182628,67.8486164763986,101.545245383835,77.594312621102,"75"
84.7511117913987,42.5792088782447,99.4340288347839,110.459278124854,33.7315661992359,36.6760734701631,129.754744661657,119.720966790654,87.6721906636152,72.6337331903501,5.12487227264718,157.410593127266,131.171892067623,41.0069888027046,96.3180833674326,131.949387226845,80.6606659224545,84.4109697855614,0.719084311269927,134.878928816053,37.9308130239014,34.2922195972507,56.7301634951169,163.49962899033,142.651083877808,12.6644236017719,115.656455039316,22.6005880400568,108.281488477798,44.6262096079838,67.9254540092893,60.8792460549187,35.7708243023636,97.6879601509927,19.8452547594299,58.6614485117042,118.0477570407,103.583491084223,96.9321952399968,107.6425188401,66.9832311179856,107.70914736075,70.3223725203743,126.360783494618,80.6554182394285,111.032035855422,23.2624191057405,71.8872245999938,63.9095949968193,83.2893080428342,"76"
113.480302229161,31.7539862820808,166.045174364882,123.494845108533,54.5446602370622,122.513692230119,120.202248122148,14.9651208488317,137.087425401289,24.4509596878406,58.5699688302535,25.1187116692446,50.9648752619427,63.9709025322192,24.2889079796135,40.1965020691052,70.30058039113,150.916582343882,25.8870352057174,97.4125597004825,69.5398238771526,70.5628364789581,121.450490862785,29.804619868029,116.498385166877,77.5695945608527,84.9720894166403,40.8549091493334,98.006602709832,153.817999074327,100.062227949168,129.826825924345,118.0437201978,36.737352535416,97.1733164082429,36.7728483207698,86.2922200589909,60.4927587931865,25.1305691362955,31.0380269048142,66.9832311179856,81.4904733321462,112.231665234537,10.5300652912182,73.39643059788,1.48042714473896,99.4668954866145,27.4625352404471,34.7952239427127,69.7636939162201,"77"
102.706855815,93.0969143270095,161.218279761252,86.4463915759729,74.6400613770325,136.559848027203,99.5051722865465,75.5382290464838,144.260604637403,81.2634836684115,91.5155762972711,35.1661963369424,17.5452849262426,118.100127751789,5.86283985714807,169.524378291444,41.4403421252977,63.095068324561,5.75267449015941,52.4529167617982,40.0380804141182,90.3468093235259,58.3281962696272,36.6171044092928,157.708698287132,92.6085975879568,113.296119222187,165.158143369646,155.704038176104,186.100789003507,92.0280344641984,102.687884911911,93.0041431861454,23.3783152498102,99.9105929267849,25.3907762214839,46.9429677120911,164.07624987741,99.8042602841448,61.4156702584621,115.546073678525,136.762272635689,7.10326995155295,157.140974345872,148.405969560548,82.9039201053817,111.499181230963,44.4246893595467,76.6915139961831,18.5087351206298,"78"
135.027195057483,120.520811570625,185.352752779403,43.2231957879865,54.5446602370622,6.24273590981499,91.5447585036228,47.7458617557964,70.9347724460159,15.8212092097792,81.9979563623549,25.1187116692446,165.426972161716,49.2083865632455,44.3900732041211,164.28135628243,111.000916407047,150.063946285442,63.9985037030235,135.628256198364,109.577904291271,106.17398759918,87.0927862108132,35.7655438416348,124.42344538231,27.703426628876,157.355721141927,45.2011760801136,41.099543071865,14.242407321697,105.905277756419,65.2801554082863,97.296642102429,59.2807279548759,104.016507704598,119.949529046321,29.6845237002929,67.9507701512505,129.242926986662,48.8683827863032,61.9594887841366,103.457470491246,48.3022356705601,106.110657934583,139.533873554211,17.7651257368675,27.2731810205233,155.082551946054,74.5611941629558,10.678116415748,"79"
50.276083266084,120.520811570625,30.8921254632338,122.808762635708,23.6838656292507,49.161545289793,29.4535309968178,129.697714023208,65.3556330401495,45.3061900098223,142.032174413365,144.851237292644,83.5489758392503,102.517472006762,30.1517478367615,128.454039220836,119.140983610231,57.9792519739209,115.053489803188,79.4287025250088,67.4325564869359,75.8385625708429,15.1813113578482,137.952811960591,155.331180222502,18.2051089275471,81.0381963880922,113.87219358644,150.961783206273,67.414061322699,129.277476985422,68.947579869426,82.9883123814836,103.532538963445,56.7984877597476,129.580513130332,0,164.07624987741,134.269040813921,15.188821676824,156.573302738291,82.9076989553139,115.072973215158,137.700853808238,143.566644466183,67.3594350856226,12.8344381273051,109.850140961788,71.7207677186527,39.1530935244093,"80"
78.2870439429022,38.97080134619,121.637744011483,46.6536081521124,58.8508176241987,56.1846231883349,68.459558533144,99.7674723255447,117.161927523195,23.7318138146688,105.425943894456,103.824008232878,72.6876089801477,142.704321033412,163.321967449125,10.4860440180275,8.14006720318348,21.3159014610003,115.053489803188,149.865476462281,82.1834282184531,2.63786304594236,24.7695080049102,34.0624227063188,88.7606744128584,91.8170711128461,0,94.7486190910073,40.3091672435599,167.110912574578,24.1025804549091,121.758492109837,55.08706942564,33.3975932140146,47.9023390744859,20.1375121756597,115.286405998812,76.2374494379884,45.9530407063688,13.8680545744914,79.5425869526078,120.46417796926,117.914281195779,34.0202109408588,10.4852043711257,74.7615708093174,128.344381273051,63.0022867280844,131.369723049017,127.425522561259,"81"
138.618343862203,42.5792088782447,105.22630235914,114.575772961805,16.5069366506899,140.461557970837,19.1049930790169,0,43.0390754166838,87.7357965269575,13.9103675971852,27.630582836169,126.158953517268,46.7479672350833,110.556408734792,152.047638261398,83.6206903599757,1.70527211688003,1.43816862253985,133.38027405143,61.1107543162857,19.7839728445677,86.2937698235581,150.726220475461,26.1526987109315,96.5662299635106,14.1620149027734,50.4166963970498,77.4568311738995,20.8888640718222,136.581289244485,19.0706071979263,18.6008286372291,66.7951864280292,64.3259981857383,66.5413445804406,24.1618216165175,80.3807890813573,142.167219685329,126.793641823922,28.4678732251439,116.212501099756,122.886570161866,29.1601808064504,13.7114211007029,99.9288322698797,115.509943145746,1.61544324943806,110.77663132782,118.171155000944,"82"
30.1656499596504,80.8283287180238,85.9187239446191,126.239174999833,38.7554164842284,124.8547181963,152.043903253843,27.0797424883621,83.6870910879963,112.90590208797,128.121806816179,94.6138139541546,45.9519367115877,18.04307507319,20.9387137755288,30.5842950525801,142.081173001021,26.4317178116404,107.862646690489,139.374893109921,68.8374014137471,58.6924527722175,87.0927862108132,68.1248454126377,27.7377107540182,49.8661679319768,55.0745023996743,143.426808715745,16.597892394407,59.8181107511273,102.983752852793,112.223188510874,109.458722365233,153.628928784467,106.069465093505,63.0391685498911,137.377214333914,145.845555446587,4.30809756622208,110.944436595932,64.4713599510611,36.8478662023617,93.763163360499,125.550778472217,104.852043711257,35.530251473735,153.211105144705,80.7721624719031,53.2579958306827,117.459280573228,"83"
9.33698689227274,144.336301282185,58.8881141642895,86.4463915759729,70.333903989896,21.8495756843525,48.5585240758347,90.5033498953155,129.914246165175,109.310172722111,13.178242986807,113.034202511601,2.50646927517751,75.4528593969765,67.8414326327134,28.8366210495755,73.2606048286513,123.632228473802,76.9420213058822,69.6874465549605,97.6367224133759,114.747042498493,35.1567210392273,166.054310693304,95.1007225852054,155.930715596816,14.1620149027734,3.47701354462412,118.556374245764,16.1413949645899,2.19114367771901,49.1434877792717,39.3479067326,8.34939830350365,10.2647869445327,88.429944771375,89.0535711008787,60.4927587931865,114.882601765922,120.189806312259,107.173169788777,138.88811107044,75.2946614864613,87.4805424193513,144.373198648577,75.5017843816869,16.8452000420879,131.658624829202,97.2846057173804,97.5267965971649,"84"
112.762072468217,28.1455787500261,68.54190337155,14.4077319293288,56.6977389306305,15.6068397745375,103.485379178008,37.0564897209166,31.0837766898272,98.5229846245342,60.766342661388,83.7290388974819,125.323463758875,132.862643720763,163.321967449125,145.05694224938,128.761063032175,139.832313584162,11.5053489803188,59.1968632026009,125.031198486194,73.2006995249005,148.617048029461,51.9451946271362,11.0950843016073,49.074641456866,17.3091293256119,96.4871258633194,22.9208990208478,110.14128328779,113.939471241388,113.69015829533,10.0158308046618,65.9602465976788,116.334252038037,165.477817443464,115.976743759284,156.618238519346,31.5927154856286,19.8115065349878,2.51187116692446,128.258918896682,24.8614448304353,144.990899009851,1.61310836478857,30.3487564671487,101.873352635484,71.0795029752747,94.4441792730773,93.9674244585822,"85"
143.645952188811,132.78939717961,63.7150087679198,28.8154638586576,68.1808252963278,24.9709436392599,152.043903253843,141.812335662738,54.1973542284167,134.480278283123,21.9637383113451,164.946206628039,5.84842830874752,69.7118809645978,91.2927920613057,60.2947531036579,99.1608186569624,13.6421769350402,48.1786488550851,136.377583580675,103.256102120621,105.514521837694,15.1813113578482,108.148192092562,91.9306984990319,102.898441764396,72.3836317252862,12.1695474061844,100.377730194747,137.676604109737,30.6760114880661,68.947579869426,28.6166594418909,54.2710889727737,134.810868538196,22.7641441985718,100.789313028901,142.530883731891,132.833008291847,19.1511229838215,48.5628425605395,133.927821389353,92.3425093701884,0,8.87209600633714,2.22064071710844,49.7334477433073,8.88493787190934,85.2127933290923,66.2043217776375,"86"
70.3865165725175,27.4238972436152,43.4420514326726,6.17474225542664,101.194698597708,142.022241948291,150.451820497258,119.008341988328,85.2811309182439,40.9913147707916,60.0342180510098,52.7492945054136,88.5619143896053,150.905718793953,67.8414326327134,60.2947531036579,14.060116078226,124.484864532242,68.313009570643,22.4798214693421,89.9100753159145,113.428110975522,10.3872130343172,38.3202255446087,45.1728432279725,104.481494714618,8.65456466280596,88.6638453879151,13.4363890811866,112.989764752129,52.5874482652562,145.230008661131,56.5179023977345,69.3000059190803,15.0550208519813,123.45170507687,80.0791802147436,1.65733585734757,67.4935285374792,33.6795611094792,61.9594887841366,102.040244868079,142.065399031059,62.3703867249078,152.43874047252,117.693958006747,49.7334477433073,95.3111517168457,66.7500214411223,107.493038585196,"87"
90.4969498789511,142.171256762953,191.145026303759,34.3041236412591,134.208571899087,108.467536433035,154.43202738872,44.1827377441698,30.2867567747034,0.719145873171783,76.1409594793295,5.02374233384892,49.2938957451577,113.179289095465,73.7042724898615,141.561594243371,130.981081360316,1.70527211688003,61.1221664579438,0,136.269957900683,110.790247929579,76.705573176496,160.093386719699,147.406120007068,61.7390650586379,20.4562437484505,45.2011760801136,106.700736821188,56.9696292867879,78.150791171978,91.685611528492,10.7312472907091,30.0578338926131,124.546081593663,62.1636245422537,15.8777684908543,9.11534721541166,42.3629594011838,87.8310123051124,87.915490842356,126.841693273514,67.4810645397531,94.7705876209639,154.051848837308,15.5444850197591,118.718552677572,19.3853189932567,91.6037528287743,24.2037305423621,"88"
117.071451033881,72.1681506410926,18.3421994937951,103.598453396602,104.065470189132,11.7051298309031,88.3605929904533,120.433591592979,26.3016571990846,43.148752390307,54.1772211679845,55.2611656723381,66.8391806714002,82.0139776054092,149.921190632786,164.28135628243,61.4205070785662,69.0635207336411,82.6946957960416,51.7035893794868,41.4429253409294,12.5298494682262,40.7498357500135,28.953059300371,157.708698287132,155.930715596816,117.230012250735,23.4698414262128,30.8246573038988,25.6363331790545,30.6760114880661,84.3507626062126,85.1345618396254,66.7951864280292,71.1691894820934,26.2663202291213,94.5762731846541,75.4087815093146,141.449203424292,35.0003282118117,96.2883947321042,55.2717993035426,83.8185854283249,54.2703365008938,24.1966254718286,17.024912164498,32.0860953182628,141.35128432583,54.6782090528342,128.137396988976,"89"
127.844897448042,111.138951987283,9.65378920726057,37.734536005385,59.5685105220548,28.8726535828943,18.3089517007246,129.697714023208,50.2122546527978,65.4422744586322,73.944585648195,109.685040955701,10.02587710071,141.884181257358,63.6536898776077,57.673242099151,32.5602688127339,5.9684524090801,74.0656840608025,86.1726489658114,99.7439898035927,125.957960443748,111.862294215723,53.6483157624522,19.0201445170411,93.4001240630676,20.4562437484505,30.4238685154611,24.501650677458,2.84848146433939,10.955718388595,145.963493553359,40.0633232186472,27.553014401562,34.2159564817757,89.3054887790124,65.5820872448331,145.016887517913,115.600618026959,108.963285942433,17.5830981684712,105.583308925998,106.549049273294,53.4603314784924,15.3245294654914,3.7010678618474,12.8344381273051,40.3860812359516,117.167590827502,80.4418103319681,"90"
22.9833523502098,16.5986746474513,81.0918293409888,21.2685566575806,7.17692897856082,92.0803546697711,9.55249653950847,30.6428664999887,116.364907608071,79.1060460488961,135.443052919961,84.5663292864568,106.107199315848,5.74097843237865,81.2422094490519,152.047638261398,80.6606659224545,37.5159865713606,64.7175880142934,40.4636786448158,33.0138557800624,46.1626033039913,56.7301634951169,97.0779047130087,30.1152288186484,6.33221180088594,123.524241096412,137.342035012653,124.0890050439,58.8686169296808,120.512902274545,55.0113669170952,90.8578937280036,87.6686821867883,95.8046781489719,106.81636893176,10.3550664070789,18.2306944308233,50.9791545336279,64.7175880142934,29.3051636141187,75.8215708394751,36.2266767529201,132.84082367383,108.078260440834,46.6334550592772,129.146533656008,112.273305835945,2.84042644430308,69.0518194885036,"91"
143.645952188811,131.346034166789,87.8494817860712,83.7020616846722,99.7593128019954,156.068397745375,98.7091309082542,62.7109826046281,114.770867777824,92.0506717659882,60.0342180510098,82.8917485085071,57.6487933290827,37.7264296984882,5.02529130612692,70.7807971216853,112.480928625808,47.7476192726408,5.03359017888949,149.116149079969,49.8719949017963,9.23252066079826,95.8819664706201,114.960676633826,72.1180479604474,155.139189121705,117.230012250735,51.2859497832058,31.6150331322039,23.7373455361616,46.0140172320992,123.225461894293,43.6404056488836,56.7759084638248,93.0674016304298,164.602273435827,9.66472864660699,161.590246091388,40.2089106180727,97.0763820214401,82.8917485085071,63.7751530425492,31.254387786833,36.450226008063,48.3932509436571,111.772249427791,64.9743430194821,151.851665447178,126.398976771487,64.7805729222044,"92"
108.452693902553,5.05177054487648,173.76820573069,122.808762635708,64.5923608070474,113.149588365397,114.629958474102,25.6544928837115,114.770867777824,34.5190019122456,92.2477009076492,115.546073678525,66.0036909130077,36.0861501463801,104.693568877644,7.86453301352059,17.0201405157473,11.9369048181602,42.4259743649257,115.396416875956,39.3356579507126,3.29732880742795,107.068195892192,103.890389254272,0,66.4882239093023,123.524241096412,44.3319226939575,26.0824023340682,82.6059624658424,133.65976434086,33.0068201502571,58.6641518558763,12.5240974552555,3.42159564817757,32.3951282825829,103.550664070789,149.160227161282,25.8485853973325,130.755943130919,23.4441308912949,94.9541167522399,66.0604105494425,14.5800904032252,76.6226473274571,133.238443026506,135.56375271966,81.5798840966222,106.515991661365,17.7968606929133,"93"
61.7677594411889,55.5694759936413,79.1610714995367,23.3268040760562,28.7077159142433,145.923951891925,88.3605929904533,116.157842779027,98.830469475348,119.378214946516,59.3020934406316,36.8407771148921,151.223646269043,117.279987975735,148.246093530744,137.192409235859,67.3405559536088,48.6002553310808,122.244332915888,112.399107346711,30.9065883898456,63.3087131026167,62.323278205903,159.241826152041,139.481059791635,59.3644856333057,25.1769153827082,39.1164023770214,147.009904064748,0,130.738239437234,107.088794265279,71.5416486047272,164.483146579022,99.2262737971494,7.00435206109901,31.7555369817087,127.614861015763,58.1593171439981,103.019833981936,46.8882617825899,115.503888288172,102.287087302363,21.0601305824364,102.432381164074,26.6476886053013,67.3808001683518,153.467108696616,13.4920256104396,42.7124656629919,"94"
63.204218963077,58.456202019285,40.5459146704944,111.145360597679,15.7892437528338,141.241899959564,136.123075687996,116.157842779027,148.245704213022,61.1273992196015,83.4622055831112,1.67458077794964,55.9778138122977,43.4674081308669,52.7655587143327,154.669149265905,12.5801038594654,75.8846092011612,46.7404802325452,20.2318393224079,129.245733266627,0,9.58819664706201,83.4529356304812,88.7606744128584,148.015450845709,84.1853108109307,36.5086422185533,82.9894619720351,119.636221502255,70.1165976870083,65.2801554082863,99.4428915605708,80.154223713635,17.1079782408878,106.81636893176,101.479650789373,137.558876159849,139.295154641181,115.567121454095,47.7255521715647,29.0531252749391,81.687604442859,14.5800904032252,6.45243345915428,55.516017927711,4.01076191478284,65.4254516022415,46.8670363310008,18.5087351206298,"95"
12.928135696993,62.7862910577506,41.5112935912205,65.8639173912175,29.4254088120994,145.923951891925,15.1247861875551,99.7674723255447,18.3314580478468,61.8465450927733,111.282940777482,131.454591069047,102.765240282278,147.625159689737,5.86283985714807,96.1220701652517,123.581020266513,35.8107144544806,111.458068246839,83.1753394365658,28.0968985362233,8.57305489931267,19.9754096813792,71.5310876832695,41.2103131202557,37.9932708053156,81.8249749938018,154.727102735773,111.442991791019,174.706863146149,135.850908018579,101.220915127455,47.9329045651672,141.104831329212,49.270977333757,66.5413445804406,41.4202656283157,19.8880302881709,8.61619513244416,66.0383551166259,122.244396790324,99.2057936217432,88.7908743944119,31.5901958736546,10.4852043711257,68.0996486579921,0,88.0416570943744,15.6223454436669,53.3905820787399,"96"
121.380829599546,115.469041025748,147.702974871087,83.7020616846722,36.6023377906602,18.728207729445,4.77624826975423,37.0564897209166,34.2718563503223,117.220777327001,54.1772211679845,16.7458077794964,101.094260765493,23.7840535055687,65.32878697965,174.767400300458,74.7406170474119,102.316327012802,89.8855389087408,126.636327610627,47.062305048174,15.1677125141686,131.038687509847,118.366918904458,78.4580961327944,37.2017443302049,73.9571889367055,84.3175784571349,74.2953278606791,44.6262096079838,83.2634597533223,8.06833381450729,47.9329045651672,93.5132609992408,81.4339764266261,58.6614485117042,39.3492523468999,56.3494191498175,103.39434158933,9.90575326749388,31.8170347810431,136.053659824105,126.438205137643,137.700853808238,19.3573003774628,15.5444850197591,137.168057485573,71.0795029752747,97.9947123284562,74.7468149102358,"97"
138.618343862203,108.252225961639,55.9919774021113,96.7376286683506,10.7653934678412,77.2538568839605,105.873503312886,76.2508538488091,109.191728371957,125.850527805062,88.5870778557584,122.244396790324,50.1293855035502,99.2369129025451,63.6536898776077,17.4767400300458,74.7406170474119,155.179762636083,5.75267449015941,95.9139049358596,102.553679657215,87.0494805160979,116.656392539254,147.319978204829,125.215951403854,29.2864795790975,23.603358171289,167.765903528114,90.102844426781,41.7777281436444,30.6760114880661,39.6081841803085,35.0554078163163,26.7180745712117,6.84319129635513,94.5587528248366,13.8067552094386,144.188219589239,79.6998049751084,33.6795611094792,133.966462235971,26.2186740286035,107.969703263605,53.4603314784924,65.3308887739371,137.679724460723,13.6365905102617,17.7698757438187,70.3005544965012,101.086168735748,"98"
72.5412058553497,101.757092403941,80.1264504202627,48.0257730977627,95.4531554148589,91.3000126810442,2.38812413487712,127.559839616232,126.72616650468,107.871880975767,97.3725731802964,167.458077794964,89.3974041479978,22.9639137295146,88.7801464082423,33.2058060570869,27.3802260470717,123.632228473802,107.862646690489,111.649779964399,136.269957900683,16.4866440371398,21.5734424558895,122.624721742748,157.708698287132,19.7881618777686,57.4348382168032,119.087713903376,69.5530728908485,99.6968512518788,48.9355421357245,71.8815194383377,119.474553169894,103.532538963445,99.9105929267849,135.709321183793,83.5308690171032,7.45801135806408,31.5927154856286,46.2268485816381,86.2409100644064,25.5100612170197,112.231665234537,125.550778472217,140.340427736606,131.017802309398,81.81954306157,7.26949462247128,71.7207677186527,59.7974519281887,"99"
126.408437926154,43.3008903846556,11.5845470487127,130.355669836785,86.8408406405859,53.0632552334274,75.6239309377754,3.5631240116266,68.5437127006446,55.3742322342273,57.8378442198753,59.4476176172122,104.436219799063,145.984880137628,146.570996428702,21.8459250375572,42.9203543440583,28.9896259869605,54.6504076565144,142.372202639167,79.3737383648308,130.574220774147,65.5193437549237,57.906118600742,147.406120007068,83.9018063617387,121.163905279283,143.426808715745,17.3882682227121,45.5757034294303,82.533078527416,39.6081841803085,74.4033145489163,157.803627936219,84.8555720748037,169.855537481651,91.1245843822944,78.7234532240098,10.0522276545182,86.5102452027799,33.4916155589928,11.3378049853421,56.1158326172683,146.610909054653,104.045489528863,76.2419979540564,27.2731810205233,160.736603319087,95.1542858841531,103.221792018897,"100"
